职位,公司,地址,薪酬,标签
Java中级开发工程师,深圳市德科信息技术有限公司,深圳-福田区,1-1.5万/月,"['3-4年经验', '大专', '招5人', '07-16发布', '五险一金', '员工旅游', '交通补贴', '年终奖金', '弹性工作', '加班补贴']"
Java工程师（五险一金+双休）,武汉钧策管理咨询有限公司,武汉-洪山区,0.8-1.5万/月,"['2年经验', '本科', '招1人', '07-16发布', '五险一金', '补充公积金', '员工旅游', '餐饮补贴', '通讯补贴', '专业培训', '出国机会', '绩效奖金', '年终奖金', '弹性工作']"
JAVA实施工程师,合肥科讯金服科技有限公司,江苏省,0.5-1万/月,"['1年经验', '本科', '招2人', '07-16发布', '五险一金', '员工旅游', '交通补贴', '餐饮补贴', '通讯补贴', '绩效奖金', '年终奖金', '股票期权', '定期体检']"
Java高级开发工程师,青岛民航凯亚系统集成有限公司,青岛-城阳区,15-30万/年,"['5-7年经验', '招若干人', '07-16发布', '五险一金', '补充医疗保险', '年终奖金', '定期体检']"
Java架构师,广州向日葵信息科技有限公司,广州-天河区,1.8-2.5万/月,"['5-7年经验', '本科', '招1人', '07-16发布', '周末双休', '弹性工作', '带薪年假', '五险一金', '节日福利']"
Java高级开发工程师/软件开发工程师,街柜科技（深圳）有限公司,深圳-宝安区,1.5-2万/月,"['3-4年经验', '本科', '招1人', '07-16发布', '弹性工作', '五险一金', '带薪年假', '交通补贴', '绩效奖金']"
Java系统架构师,500.com集团,深圳-南山区,1.5-3万/月,"['5-7年经验', '本科', '招1人', '07-16发布', '五险一金', '免费班车', '上市公司']"
Java高级开发工程师,四川水木科技有限公司,成都-高新区,1.3-2万/月,"['5-7年经验', '大专', '招3人', '07-16发布', '包吃', '绩效奖金', '社保', '五险一金', '分红+期权']"
Java游戏开发工程师,武汉壹帆互娱网络科技有限公司,武汉,0.5-1万/月,"['2年经验', '大专', '招2人', '07-16发布', '补充医疗保险', '交通补贴', '员工旅游', '餐饮补贴', '绩效奖金', '年终奖金']"
JAVA高级工程师—技术研发部,北京和融通支付科技有限公司,北京-海淀区,1-1.5万/月,"['3-4年经验', '本科', '招5人', '07-16发布', '五险一金', '绩效奖金', '补充医疗保险', '定期体检']"
Java开发工程师,广州市林丰环保科技有限公司,广州-天河区,2.5-3万/月,"['3-4年经验', '本科', '招若干人', '07-16发布']"
JAVA中高级开发工程师,广东明世教育集团有限公司,广州-番禺区,0.8-1.5万/月,"['3-4年经验', '本科', '招若干人', '07-16发布', '带薪年假', '五险一金', '绩效奖金', '全勤奖', '节日福利', '周末双休']"
java软件开发工程师/双休,青岛百森通支付有限公司,青岛-崂山区,0.8-1万/月,"['2年经验', '本科', '招若干人', '07-16发布', '周末双休', '弹性工作', '交通补贴', '加班补贴', '节日福利', '五险一金', '通讯补贴']"
JAVA开发工程师(000993),上海中文在线文化发展有限公司,上海,1.5-2万/月,"['3-4年经验', '本科', '招若干人', '07-16发布', '五险一金', '专业培训', '交通补贴', '弹性工作', '年终奖金', '绩效奖金', '定期体检', '通讯补贴', '股票期权']"
JAVA开发工程师,深圳市如恋信息科技有限公司,深圳-南山区,1-1.5万/月,"['3-4年经验', '大专', '招1人', '07-16发布', '五险一金', '年终奖金', '弹性工作', '员工旅游', '大小周休', '专业培训']"
Java资深开发工程师,河北易骋云数据科技有限公司,上海-徐汇区,1.5-2.5万/月,"['3-4年经验', '大专', '招2人', '07-16发布', '五险一金', '周末双休', '弹性工作', '带薪年假', '绩效奖金']"
java工程师,上海耸智信息科技有限公司,杭州-江干区,1-1.5万/月,"['3-4年经验', '大专', '招1人', '07-16发布', '五险一金', '弹性工作', '交通补贴', '餐饮补贴', '年终奖金', '员工旅游', '通讯补贴', '绩效奖金']"
Java开发工程师（互联网金融方向）03,上海复深蓝软件股份有限公司,上海,1.5-2万/月,"['5-7年经验', '大专', '招2人', '07-16发布', '五险一金', '出国机会', '股票期权', '年终奖金', '员工旅游', '通讯补贴', '专业培训', '绩效奖金', '弹性工作', '定期体检']"
(急聘) java开发工程师,深圳讯腾软件技术有限公司,深圳-南山区,4.5-6千/月,"['无工作经验', '大专', '招2人', '07-16发布', '五险一金', '餐补补贴', '住房补贴', '专业培训', '绩效奖金', '年底双薪', '弹性工作', '员工旅游', '定期体检', '下午茶']"
Java高级开发工程师,上海泛微网络科技股份有限公司,上海-闵行区,1.5-2.5万/月,"['3-4年经验', '本科', '招2人', '07-16发布', '五险一金', '定期体检', '专业培训', '绩效奖金', '员工旅游', '年终奖金', '包三餐']"
Java高级开发工程师（金融科技）,上海指旺信息科技有限公司,上海-宝山区,1.5-2.5万/月,"['5-7年经验', '大专', '招5人', '07-16发布', '五险一金', '补充医疗保险', '员工旅游', '交通补贴', '餐饮补贴', '专业培训', '绩效奖金', '年终奖金', '定期体检']"
Java后台开发工程师,云从科技,苏州,1.5-2.5万/月,"['5-7年经验', '本科', '招若干人', '07-16发布']"
Java开发工程师,北京陆秦网络科技有限公司,北京-朝阳区,0.8-1.5万/月,"['3-4年经验', '本科', '招2人', '07-16发布', '五险一金', '补充公积金', '绩效奖金', '专业培训', '弹性工作']"
Java,深圳市智慧盾科技有限公司,深圳,1.8-2.5万/月,"['5-7年经验', '大专', '招3人', '07-16发布', '五险一金', '员工旅游', '弹性工作', '带薪年假', '年终奖金', '交通补贴']"
Java 后端,重庆格泰尚恒网络科技有限公司,重庆-渝北区,1.5-1.7万/月,"['无工作经验', '招2人', '07-16发布', '五险', '交通补贴', '餐饮补贴', '通讯补贴', '绩效奖金', '年终奖金', '弹性工作', '节日礼品', '生日礼金', '全勤奖']"
JAVA开发工程师,广州广之旅国际旅行社股份有限公司,广州-白云区,9-25万/年,"['无工作经验', '招7人', '07-16发布']"
Java开发工程师,佛山市小寨科技有限公司,异地招聘,0.8-1.5万/月,"['3-4年经验', '大专', '招1人', '07-16发布', '餐饮补贴', '五险一金']"
Java软件开发工程师,西安融科通信技术有限公司,西安,0.8-1.5万/月,"['2年经验', '本科', '招2人', '07-16发布', '五险一金', '股票期权', '员工旅游', '绩效奖金', '年终奖金']"
JAVA嵌入式开发工程师,深圳市龙腾飞通讯装备技术有限公司,深圳-南山区,1.5-2万/月,"['3-4年经验', '本科', '招1人', '07-16发布', '五险一金', '定期体检', '通讯补贴', '补充医疗保险', '补充公积金', '员工旅游', '绩效奖金', '年终奖金', '股票期权', '弹性工作']"
Java系统开发(System Engineer),时代万恒（辽宁）民族贸易有限公司,大连-中山区,6-8千/月,"['3-4年经验', '本科', '招若干人', '07-16发布', '五险一金']"
大数据开发工程师，java开发工程师（LT18wp）,北京东方国信科技股份有限公司,北京,1.2-2.4万/月,"['3-4年经验', '本科', '招1人', '07-16发布', '五险一金', '年终奖金', '定期体检', '员工旅游', '专业培训', '餐饮补贴']"
Java开发工程师,北京公瑾科技有限公司广州分公司（...,广州-天河区,0.8-1.5万/月,"['3-4年经验', '本科', '招1人', '07-16发布', '五险一金', '员工旅游', '餐饮补贴', '周末双休', '绩效奖金', '年终奖金', '股票期权', '定期体检']"
Java软件开发工程师,深圳天禾区块链科技有限公司,深圳-南山区,1-1.5万/月,"['2年经验', '本科', '招2人', '07-16发布']"
Java后台开发工程师,广州万米投资咨询有限公司,广州-天河区,1-1.5万/月,"['1年经验', '大专', '招2人', '07-16发布', '五险一金', '员工旅游', '绩效奖金', '年终奖金', '定期体检', '弹性工作', '通讯补贴', '做五休二', '交通补贴', '全勤奖']"
Java开发工程师,济南建研宏图软件有限公司,济南-高新区,0.5-1.1万/月,"['2年经验', '本科', '招若干人', '07-16发布', '五险一金', '员工旅游', '年终奖金', '弹性工作', '专业培训', '周末双休', '每年多次调薪', '扁平化管理', '行业领先', '建筑二次革命']"
无经验转IT Java大数据开发方向,北京欣如信科技有限公司,异地招聘,4.5-6千/月,"['无工作经验', '招6人', '07-16发布', '五险一金', '补充公积金', '员工旅游', '专业培训', '通讯补贴', '绩效奖金', '年终奖金', '定期体检']"
Java高级开发工程师,杭州德链科技有限公司,杭州-西湖区,1.5-3万/月,"['5-7年经验', '大专', '招2人', '07-16发布', '五险一金', '员工旅游', '弹性工作', '代币奖励']"
JAVA开发工程师,江门盛亨信息服务有限公司,江门,0.6-1万/月,"['2年经验', '大专', '招2人', '07-16发布', '五险一金', '补充医疗保险', '补充公积金', '员工旅游', '专业培训', '绩效奖金', '年终奖金', '项目奖金']"
Java高级开发工程师,广东远景信息科技有限公司,广州,1-1.5万/月,"['2年经验', '大专', '招2人', '07-16发布', '全勤奖', '节日福利', '五险一金', '周末双休']"
Java高级开发工程师,南京红苹果网络科技有限公司,南京-建邺区,0.8-2万/月,"['无工作经验', '招5人', '07-16发布', '五险一金', '绩效奖金', '年终奖金', '餐饮补贴']"
java软件工程师----华夏西二旗项目组,北京开科唯识技术有限公司,北京-海淀区,1-1.5万/月,"['5-7年经验', '大专', '招若干人', '07-16发布', '五险一金', '员工旅游', '定期体检', '餐饮补贴', '结婚礼金', '年度调薪', '生子礼金', '生日礼物']"
JAVA软件工程师,北京银丰新融科技开发有限公司,杭州,0.8-1万/月,"['2年经验', '本科', '招若干人', '07-16发布', '五险一金', '餐饮补贴', '通讯补贴', '定期体检']"
Java高级开发工程师,大连东软思维科技发展有限公司,上海-虹口区,1.2-2.2万/月,"['3-4年经验', '本科', '招10人', '07-16发布', '五险一金', '年终奖金', '定期体检']"
Java工程师,平安万家医疗投资管理有限责任公司,深圳-南山区,1-1.5万/月,"['无工作经验', '招8人', '07-16发布']"
JAVA工程师(J10563),北京河狸家信息技术有限公司,北京-朝阳区,2.5-3万/月,"['5-7年经验', '本科', '招20人', '07-16发布']"
Java高级开发工程师,上海顺博资产管理有限公司,上海-黄浦区,1-3万/月,"['5-7年经验', '大专', '招1人', '07-16发布', '员工旅游', '节日福利', '做五休二', '周末双休', '五险一金']"
Java高级开发工程师,南京明鼎教育科技有限公司,南京,1-1.5万/月,"['5-7年经验', '本科', '招1人', '07-16发布']"
Java开发工程师,上海昊沧系统控制技术有限责任公司,武汉-洪山区,1.3-2万/月,"['5-7年经验', '本科', '招1人', '07-16发布', '做五休二', '周末双休', '带薪年假', '五险一金', '节日福利', '餐饮补贴']"
JAVA开发工程师(财务系统开发),上海携银信息科技有限公司,上海-黄浦区,1-1.5万/月,"['3-4年经验', '本科', '招1人', '07-16发布', '五险一金', '员工旅游', '年终奖金', '绩效奖金', '通讯补贴']"
Java开发工程师,北京云知声信息技术有限公司,上海-徐汇区,1.5-3万/月,"['无工作经验', '招若干人', '07-16发布']"
Java开发工程师,兰州深蓝图形技术有限公司,兰州,6-8千/月,"['2年经验', '本科', '招若干人', '07-16发布', '员工旅游', '餐饮补贴', '通讯补贴', '绩效奖金', '补充医疗保险']"
Java开发工程师（五险一金）,西安大来电子科技有限公司,西安-雁塔区,4-6千/月,"['无工作经验', '高中', '招3人', '07-16发布']"
Java中级开发工程师,绍兴万众安全服务有限公司,绍兴,0.5-1.2万/月,"['2年经验', '本科', '招10人', '07-16发布', '五险一金', '通讯补贴', '餐饮补贴', '弹性工作', '绩效奖金', '年终奖金', '员工旅游']"
JAVA 后台、web前端、测试开发员,云南明亚网络科技有限公司,昆明-西山区,1-1.5万/月,"['无工作经验', '大专', '招若干人', '07-16发布', '年终奖金', '五险一金', '周末双休', '餐饮补贴', '员工旅游']"
Java开发工程师（合肥）,北京炎黄新星网络科技有限公司,合肥-蜀山区,0.6-1.2万/月,"['2年经验', '本科', '招若干人', '07-16发布', '五险一金', '餐饮补贴', '年终奖金']"
Java开发实习生(接受转行),陕西养正文化发展有限公司,西安-高新技术...,4.5-6千/月,"['无工作经验', '大专', '招6人', '07-16发布', '做五休二', '周末双休', '专业培训', '节日福利', '全勤奖', '带薪年假']"
Java开发经理,上海龙智数码科技股份有限公司,上海-徐汇区,1.5-2万/月,"['5-7年经验', '本科', '招2人', '07-16发布', '五险一金', '员工旅游', '交通补贴', '餐饮补贴', '通讯补贴', '专业培训', '绩效奖金', '年终奖金', '弹性工作', '定期体检']"
Java开发工程师,上海益芯金融信息服务有限公司,上海-浦东新区,1-1.5万/月,"['无工作经验', '招2人', '07-16发布', '五险一金', '年终奖金', '做五休二']"
Java高级工程师/研发经理,深圳市腾达智慧信息技术有限公司,深圳-龙岗区,1.3-2万/月,"['5-7年经验', '大专', '招1人', '07-16发布', '五险一金', '交通补贴', '餐饮补贴', '绩效奖金', '年终奖金', '通讯补贴']"
JAVA高级工程师(基于大数据方向),北京金电恒通科技有限公司,北京-大兴区,1.5-2万/月,"['3-4年经验', '本科', '招若干人', '07-16发布', '五险一金', '餐饮补贴', '绩效奖金', '年终奖金', '交通补贴', '通讯补贴', '弹性工作', '定期体检', '员工旅游']"
Java开发工程师,方欣科技有限公司福建分公司,福州-鼓楼区,0.6-1万/月,"['无工作经验', '招2人', '07-16发布', '五险一金', '通讯补贴']"
Java开发工程师,湖南用友软件有限公司,长沙-天心区,6-8千/月,"['无工作经验', '大专', '招2人', '07-16发布', '五险一金', '交通补贴', '绩效奖金', '餐饮补贴', '通讯补贴', '专业培训', '定期体检']"
Java开发工程师,南京优泰科技发展有限公司,南京,0.8-1.2万/月,"['1年经验', '本科', '招2人', '07-16发布']"
Java开发工程师（初中级）,广州市卓为信息技术有限公司,广州-天河区,0.8-1.3万/月,"['1年经验', '大专', '招5人', '07-16发布', '五险一金', '定期体检', '餐饮补贴', '员工旅游', '绩效奖金', '年终奖金']"
物联网实验室-Java高级工程师,北京思特奇信息技术股份有限公司,北京-海淀区,2-2.5万/月,"['3-4年经验', '本科', '招1人', '07-16发布', '五险一金', '补充医疗保险', '员工旅游', '交通补贴', '餐饮补贴', '通讯补贴', '专业培训', '绩效奖金', '弹性工作', '定期体检']"
Java高级开发工程师,二六三网络通信股份有限公司,北京,1.7-2.2万/月,"['5-7年经验', '大专', '招1人', '07-16发布', '五险一金', '餐饮补贴', '专业培训', '年终奖金', '弹性工作', '定期体检']"
Java高级开发工程师,湖北会基网络科技有限公司,武汉-江夏区,0.8-1.5万/月,"['3-4年经验', '本科', '招2人', '07-16发布']"
Java高级开发工程师,广东碧桂园资产管理有限公司,佛山-顺德区,2-2.5万/月,"['5-7年经验', '本科', '招若干人', '07-16发布']"
JAVA工程师,重庆移动金融有限责任公司,重庆-渝中区,0.8-1.2万/月,"['无工作经验', '本科', '招1人', '07-16发布', '五险一金', '餐饮补贴', '定期体检']"
Java前端开发工程师,北京城建智控科技有限公司,北京-丰台区,1.2-2万/月,"['2年经验', '本科', '招3人', '07-16发布', '专业培训']"
Java开发工程师,深圳市鑫梓润物业管理股份有限公司,深圳-宝安区,1-1.8万/月,"['2年经验', '大专', '招1人', '07-16发布', '五险一金', '定期体检', '包吃', '包住宿', '加班补贴']"
Java开发工程师（非实习岗位）,武汉耀信达科技有限责任公司,武汉-硚口区,6-8千/月,"['无工作经验', '大专', '招1人', '07-16发布']"
Java开发主管,上海澜赢信息技术有限公司,上海-徐汇区,1.5-2万/月,"['3-4年经验', '本科', '招2人', '07-16发布', '五险一金', '员工旅游', '餐饮补贴', '专业培训', '年终奖金', '带薪年假']"
JAVA工程师（高级）,重庆大唐科技股份有限公司,重庆-北碚区,0.8-1.3万/月,"['3-4年经验', '本科', '招1人', '07-16发布', '免费班车', '通讯补贴', '绩效奖金', '年终奖金', '五险']"
Java开发工程师,北京天诚盛业科技有限公司,北京-海淀区,2-3万/月,"['5-7年经验', '本科', '招1人', '07-16发布', '五险一金', '餐饮补贴', '交通补贴', '通讯补贴', '绩效奖金', '年终奖金', '定期体检', '领导nice', '团队氛围轻松']"
电子电气转行JAVA软件开发,武汉东软,武汉-江夏区,4.5-6千/月,"['无工作经验', '大专', '招8人', '07-16发布']"
Java,长沙市袋娱网络科技有限公司,长沙,1.5-2万/月,"['无工作经验', '招1人', '07-16发布', '五险一金', '餐饮补贴', '绩效奖金', '年终奖金']"
java开发工程师（杭州）,上海海鼎信息工程股份有限公司,杭州,0.6-1万/月,"['无工作经验', '本科', '招10人', '07-16发布', '年终奖金', '五险一金', '节日礼物', '定期体检', '员工旅游', '餐饮补贴']"
Java高级开发工程师,中科聚信信息技术（北京）有限公司,西安-高新技术...,1.5-3万/月,"['无工作经验', '招2人', '07-16发布', '五险一金', '补充医疗保险', '通讯补贴', '定期体检', '绩效奖金']"
Java开发工程师,深圳市深信通软件有限公司广州分公司,广州-天河区,7-9千/月,"['1年经验', '大专', '招若干人', '07-16发布', '定期体检', '专业培训', '绩效奖金', '员工旅游']"
Java中级开发工程师,上海金盏企业管理有限公司深圳分公司,深圳-南山区,18-25万/年,"['3-4年经验', '本科', '招2人', '07-16发布', '周末双休', '带薪年假', '五险一金', '节日福利']"
java开发工程师-电信项目,南京思美软件系统有限公司,南京-雨花台区,0.8-1万/月,"['2年经验', '大专', '招6人', '07-16发布', '五险一金', '员工旅游', '交通补贴', '餐饮补贴', '通讯补贴', '专业培训', '年终奖金', '弹性工作']"
Java中级开发工程师,长沙睿森信息技术有限公司,长沙-雨花区,5-8千/月,"['1年经验', '大专', '招1人', '07-16发布']"
Java中级开发工程师,魔线科技（深圳）有限公司,深圳,1-1.5万/月,"['3-4年经验', '本科', '招1人', '07-16发布', '五险一金', '绩效奖金', '股票期权', '弹性工作', '专业培训']"
Java开发工程师,济南新视界网络科技有限公司,济南-高新区,5-8千/月,"['无工作经验', '招8人', '07-16发布']"
Java开发工程师,催琥宝（深圳）科技有限公司,深圳-南山区,0.8-1.5万/月,"['3-4年经验', '本科', '招若干人', '07-16发布', '五险一金', '员工旅游', '出国机会', '绩效奖金', '年终奖金', '定期体检']"
Java开发实习生,广州市启胜物业管理有限公司,广州-天河区,3-5千/月,"['无工作经验', '本科', '招若干人', '07-16发布', '五险一金', '带薪年假', '周末双休', '节日福利', '员工旅游', '餐饮补贴', '通讯补贴', '专业培训', '定期体检']"
大数据java开发工程师/架构师,网思科技有限公司,广州-天河区,1-1.5万/月,"['3-4年经验', '本科', '招5人', '07-16发布', '五险一金', '弹性工作', '通讯补贴', '绩效奖金', '员工旅游', '年终奖金', '餐饮补贴']"
Java开发工程师,沈阳捷信瑞通科技有限公司,沈阳,0.5-1万/月,"['2年经验', '本科', '招5人', '07-16发布', '五险一金', '交通补贴', '餐饮补贴', '通讯补贴', '绩效奖金', '年终奖金', '员工旅游']"
高级JAVA开发工程师 （上海徐汇区、浦东新区）,上海睿民互联网科技有限公司,上海-徐汇区,1.5-2万/月,"['5-7年经验', '本科', '招5人', '07-16发布', '五险一金', '补充医疗保险', '绩效奖金', '年终奖金', '带薪年假', '加班补助', '驻场补助', '团队氛围好', '领导好', '帅哥美女多多']"
高级Java开发工程师,杭州弈天网络技术有限公司,杭州-西湖区,1.5-2万/月,"['3-4年经验', '本科', '招1人', '07-16发布', '五险一金', '年终奖金', '餐饮补贴', '定期体检', '弹性工作', '专业培训', '员工旅游', '节日福利', '专业导师', '绩效奖金']"
Java软件工程师（红门智能）,红门智能科技股份有限公司,深圳-龙岗区,1-1.7万/月,"['3-4年经验', '大专', '招2人', '07-16发布', '做五休二', '全勤奖', '通讯补贴', '住房补贴', '节日福利', '提供住宿', '五险一金']"
Java开发工程师,北京博思汇信息技术有限公司,长沙-开福区,0.6-1.2万/月,"['2年经验', '本科', '招若干人', '07-16发布', '五险一金', '弹性工作']"
JAVA中级工程师,深圳市网通兴科技股份有限公司长沙...,长沙,4-6千/月,"['2年经验', '大专', '招5人', '07-16发布', '五险一金', '员工旅游', '餐饮补贴', '专业培训', '绩效奖金', '年终奖金']"
Java开发工程师,上海晟上数据服务有限公司,上海-浦东新区,1.2-2万/月,"['3-4年经验', '本科', '招若干人', '07-16发布']"
Java开发工程师,湖北明泽实业发展有限公司,武汉-洪山区,5-9千/月,"['1年经验', '招1人', '07-16发布']"
JAVA工程师,广东卓维网络有限公司,异地招聘,0.6-1.5万/月,"['无工作经验', '大专', '招3人', '07-16发布']"
java开发工程师,社员网,北京-朝阳区,2-4万/月,"['无工作经验', '大专', '招1人', '07-16发布', '五险一金', '餐饮补贴', '交通补贴', '绩效奖金', '年终奖金', '通讯补贴']"
JAVA开发工程师,北京富基融通信息技术有限公司,武汉-武昌区,0.8-1.5万/月,"['2年经验', '本科', '招若干人', '07-16发布', '五险一金', '员工旅游', '餐饮补贴', '通讯补贴', '定期体检', '年终奖金']"
Java开发工程师,深圳市有信达供应链集团股份有限公司,深圳-福田区,1.5-2万/月,"['3-4年经验', '大专', '招1人', '07-16发布', '五险一金', '全勤奖', '节日福利', '绩效奖金', '周末双休', '专业培训', '补充公积金']"
Java开发工程师,阔地教育科技有限公司,苏州,0.8-1.5万/月,"['1年经验', '本科', '招若干人', '07-16发布', '五险一金', '补充医疗保险', '员工旅游', '交通补贴', '餐饮补贴', '通讯补贴', '绩效奖金', '年终奖金', '定期体检']"
Java开发工程师,澄迈一龄健康管理咨询服务有限公司,北京-通州区,1-1.5万/月,"['2年经验', '大专', '招2人', '07-16发布', '五险一金', '免费班车', '餐饮补贴', '专业培训', '意外险']"
Java开发主管,天津汉德威电梯有限公司,天津-西青区,1.2-2万/月,"['5-7年经验', '本科', '招3人', '07-16发布', '五险一金', '免费班车']"
广州java开发工程师,恒赢智航科技有限公司,广州-天河区,1-1.5万/月,"['无工作经验', '招2人', '07-16发布', '五险一金', '补充医疗保险', '年终奖金', '定期体检']"
Java后台开发工程师,上海微展信息科技有限公司,上海-浦东新区,1.2-2万/月,"['3-4年经验', '大专', '招1人', '07-16发布', '五险一金', '股票期权', '周末双休', '扁平架构', '做五休二']"
Java开发工程师,珠海市珠海通科技有限公司,珠海-香洲区,1-1.5万/月,"['3-4年经验', '本科', '招2人', '07-16发布', '五险一金', '通讯补贴', '交通补贴', '年终奖金']"
Java开发实习生,勒艾恩德科技（大连）有限公司,大连,4.5-6千/月,"['无工作经验', '大专', '招5人', '07-16发布', '交通补贴', '年终奖金', '弹性工作']"
Java开发工程师,武汉开普伟业科技有限公司,武汉-东湖新技...,0.8-1万/月,"['1年经验', '大专', '招3人', '07-16发布']"
高级java软件工程师（虹口区）,上海希奥信息科技股份有限公司,上海-虹口区,1.5-2万/月,"['3-4年经验', '大专', '招若干人', '07-16发布', '绩效奖金', '年终奖金', '股票期权', '员工旅游', '周末双休', '带薪年假', '节日福利', '下午茶', '结婚礼金', '五险一金']"
Java中级开发工程师,深圳荧兴源资产管理集团有限公司,深圳-罗湖区,1-1.5万/月,"['3-4年经验', '本科', '招2人', '07-16发布', '舒适环境', '丰富下午茶', '带薪年假', '过节福利']"
Java开发工程师,艾米江苏数字电影院线有限公司,北京,1.5-2万/月,"['无工作经验', '本科', '招2人', '07-16发布', '五险一金', '交通补贴', '餐饮补贴', '通讯补贴', '弹性工作']"
初级Java程序开发助理,湖北众康空间体育产业孵化器有限公司,武汉-武昌区,4.5-6千/月,"['无工作经验', '大专', '招5人', '07-16发布']"
Java高级开发工程师,南京三合树文化传媒有限公司,南京-玄武区,1.2-2万/月,"['3-4年经验', '本科', '招1人', '07-16发布', '五险一金', '交通补贴', '餐饮补贴', '弹性工作', '年终奖金']"
Java中级开发工程师,苏州百目视觉科技有限公司,苏州-工业园区,0.8-1.5万/月,"['3-4年经验', '大专', '招2人', '07-16发布', '五险一金', '补充医疗保险', '专业培训', '绩效奖金', '员工旅游', '餐饮补贴', '弹性工作']"
无锡_Java Web 开发工程师(P35),善诚科技发展（上海）有限公司,无锡-无锡新区,,"['无工作经验', '招5人', '07-16发布']"
JAVA高级工程师,深圳达普信科技有限公司,深圳-南山区,1.5-2.5万/月,"['5-7年经验', '本科', '招2人', '07-16发布', '五险一金', '员工旅游', '年终奖金', '绩效奖金', '定期体检', '股票期权']"
java高级开发工程师,上海舜凯信息科技有限公司,上海-闵行区,0.6-1.2万/月,"['2年经验', '招4人', '07-16发布', '五险一金', '弹性工作', '专业培训']"
Java软件工程师,广州市成格信息技术有限公司,广州-天河区,0.8-1万/月,"['无工作经验', '本科', '招3人', '07-16发布', '专业培训', '五险一金', '员工旅游', '年终奖金', '年底双薪', '弹性工作', '定期体检', '出差补贴']"
Java 开发工程师,广州市宏朗商品信息咨询有限公司,广州-番禺区,0.6-1万/月,"['2年经验', '本科', '招若干人', '07-16发布']"
初级Java工程师,慧讯信息技术（厦门）有限公司,广州-天河区,0.7-1.2万/月,"['2年经验', '本科', '招3人', '07-16发布', '五险一金', '年终奖金']"
Java开发工程师,福建省昊彤网络科技有限公司,福州,0.7-1.2万/月,"['3-4年经验', '本科', '招4人', '07-16发布', '五险一金', '项目奖金']"
JAVA工程师,广州南盾通讯设备有限公司,广州-天河区,0.8-1.5万/月,"['无工作经验', '本科', '招2人', '07-16发布', '五险一金', '餐饮补贴', '定期体检', '商业保险', '专业培训', '出国机会', '绩效奖金', '通讯补贴', '周末双休']"
Java中级开发工程师,上海金丘信息科技股份有限公司,上海-浦东新区,1-1.5万/月,"['3-4年经验', '本科', '招5人', '07-16发布', '做五休二', '周末双休', '弹性工作', '带薪年假', '五险一金', '绩效奖金', '节日福利', '专业培训']"
高级Java架构师,深圳市无极云互联网技术开发有限公司,深圳-南山区,2.5-5万/月,"['5-7年经验', '本科', '招1人', '07-16发布']"
java高级工程师,杭州云甲科技有限公司,杭州-拱墅区,1.5-2万/月,"['5-7年经验', '大专', '招5人', '07-16发布']"
java工程师（金融、银行项目经验）,北京智控美信信息技术有限公司,北京,1.5-4万/月,"['3-4年经验', '本科', '招2人', '07-16发布', '五险一金', '补充医疗保险', '餐饮补贴', '通讯补贴', '定期体检']"
中高级Java开发工程师,苏州益发特科技有限公司,苏州-工业园区,0.7-1.5万/月,"['3-4年经验', '本科', '招若干人', '07-16发布', '五险一金', '餐饮补贴', '员工旅游', '年终奖金', '定期体检']"
Java中级开发工程师,武汉海星通技术股份有限公司,武汉-武昌区,0.8-1.4万/月,"['3-4年经验', '本科', '招若干人', '07-16发布', '五险一金', '补充医疗保险', '员工旅游', '餐饮补贴', '专业培训', '绩效奖金', '年终奖金', '股票期权', '定期体检']"
java-web工程师,江苏省广电网络科技发展有限公司,南京,0.7-1.5万/月,"['1年经验', '招1人', '07-16发布', '五险一金', '做五休二']"
java算法工程师,苏州数字地图信息科技股份有限公司,苏州-工业园区,1-1.8万/月,"['1年经验', '硕士', '招1人', '07-16发布', '五险一金', '餐饮补贴', '绩效奖金', '年终奖金', '股票期权', '弹性工作']"
中高级Java开发工程师-永丰,新晨科技股份有限公司,北京-海淀区,1-2万/月,"['3-4年经验', '大专', '招2人', '07-16发布']"
Java开发工程师（驻场南方航空）,广东汉佳信息技术有限公司,广州-白云区,1-1.5万/月,"['3-4年经验', '大专', '招5人', '07-16发布', '五险一金', '补充医疗保险', '专业培训', '绩效奖金', '周末双休', '年终奖金']"
Java高级开发工程师,北京捷通华声科技股份有限公司,北京,1.5-2.5万/月,"['3-4年经验', '本科', '招若干人', '07-16发布', '五险一金', '交通补贴', '餐饮补贴', '通讯补贴', '专业培训', '绩效奖金', '年终奖金', '股票期权', '弹性工作']"
Java开发工程师,海通安恒科技有限公司,异地招聘,1-1.5万/月,"['3-4年经验', '本科', '招6人', '07-16发布', '五险一金', '通讯补贴', '年终奖金', '定期体检', '周末双休', '带薪年假']"
Java开发工程师,济南讯驰信息科技有限公司,济南,6-8千/月,"['无工作经验', '招3人', '07-16发布', '五险一金', '餐饮补贴', '通讯补贴', '绩效奖金', '年终奖金', '员工旅游', '交通补贴']"
Java中级开发工程师,北京宏宇智创科技有限公司,烟台,3-4.5千/月,"['2年经验', '大专', '招若干人', '07-16发布', '五险一金', '弹性工作', '绩效奖金']"
Java开发经理,巢包物联网科技（上海）有限公司,上海-闵行区,30-40万/年,"['5-7年经验', '本科', '招1人', '07-16发布', '五险一金', '员工旅游', '股票期权', '定期体检']"
Java高级开发工程师,广州思酷信息科技有限公司,广州-天河区,1.5-2万/月,"['无工作经验', '大专', '招1人', '07-16发布', '五险一金', '补充医疗保险', '弹性工作', '周末双休', '节假日福利', '加班补贴', '餐饮补贴', '年终奖金', '团队氛围好', '扁平化管理']"
Java高级开发工程师,上海泉涸信息科技有限公司,异地招聘,0.8-2.5万/月,"['5-7年经验', '大专', '招若干人', '07-16发布', '五险一金', '年终奖金', '弹性工作']"
Java高级开发工程师,上海富由投资管理有限公司,上海-宝山区,1-1.5万/月,"['无工作经验', '本科', '招2人', '07-16发布']"
高级Java工程师（知库）,云宏信息科技股份有限公司,广州-天河区,1.5-2万/月,"['无工作经验', '招1人', '07-16发布', '五险一金', '通讯补贴', '专业培训', '绩效奖金', '年终奖金', '定期体检', '弹性工作', '周末双休', '带薪年假']"
JAVA软件工程师,武汉英思博锐科技有限公司,武汉-汉阳区,7-9千/月,"['3-4年经验', '大专', '招3人', '07-16发布', '五险一金', '绩效奖金', '周末双休', '年终奖金']"
Java开发工程师,杭州艾格财务咨询有限公司,杭州-江干区,0.6-1万/月,"['无工作经验', '招1人', '07-16发布', '弹性工作', '带薪年假', '五险一金', '绩效奖金', '全勤奖', '节日福利', '交通补贴', '专业培训', '加班补贴', '通讯补贴']"
Java高级开发工程师,广东芯智慧科技有限公司,广州-海珠区,1-1.8万/月,"['3-4年经验', '本科', '招3人', '07-16发布', '央企背景', '带薪假期', '周末双休', '员工旅游', '年终奖金', '五险一金', '专业培训']"
JAVA后端工程师,企极科技（深圳）有限公司,沈阳-和平区,5-8千/月,"['3-4年经验', '本科', '招3人', '07-16发布', '五险', '周末双休', '带薪年假']"
Java开发工程师,上海期货信息技术有限公司,上海-浦东新区,,"['3-4年经验', '本科', '招1人', '07-16发布']"
Java初级人员,北京安信微网络科技有限公司,北京-朝阳区,4.5-5千/月,"['无工作经验', '高中', '招1人', '07-16发布', '员工旅游', '专业培训', '弹性工作', '周末双休', '五险']"
高级Java研发,杭州艾拓科技有限公司,武汉-武昌区,0.8-1.5万/月,"['2年经验', '本科', '招1人', '07-16发布', '五险一金', '员工旅游', '通讯补贴', '绩效奖金', '年终奖金', '股票期权', '专业培训', '出国机会', '定期体检']"
Java开发工程师,普华信联（武汉）科技有限公司,武汉,0.6-1.2万/月,"['3-4年经验', '招5人', '07-16发布']"
Java高级开发工程师,北京中软国际信息技术有限公司,西安-高新技术...,1-1.5万/月,"['3-4年经验', '本科', '招若干人', '07-16发布', '做五休二', '周末双休', '带薪年假', '五险一金', '免费班车', '绩效奖金', '专业培训']"
Java软件开发实习生,幻维奇迹,武汉-洪山区,6-8千/月,"['无工作经验', '初中及以下', '招10人', '07-16发布']"
Java前端开发工程师,大连六元素科技有限公司,大连,4-6千/月,"['2年经验', '招1人', '07-16发布', '五险一金', '员工旅游', '交通补贴', '年终奖金', '餐饮补贴', '定期体检']"
Java Web研发工程师,无锡龙翼智能科技有限公司,南京-雨花台区,6-8千/月,"['2年经验', '本科', '招1人', '07-16发布', '五险一金', '餐饮补贴', '弹性工作', '定期体检', '绩效奖金']"
Java高级开发工程师,湖南雅煜信息科技有限公司,长沙-雨花区,0.8-1万/月,"['3-4年经验', '大专', '招3人', '07-16发布']"
Java开发工程师,明辉实业（深圳）有限公司,深圳-龙岗区,1-1.5万/月,"['3-4年经验', '大专', '招1人', '07-16发布', '员工旅游', '专业培训', '绩效奖金', '包住宿']"
JAVA软件工程师,北京华正世纪软件技术有限公司,北京-石景山区,0.7-1.5万/月,"['2年经验', '本科', '招2人', '07-16发布', '五险一金', '绩效奖金', '定期体检', '餐饮补贴', '年终奖金']"
Java高级开发工程师,深圳左邻永佳科技有限公司,深圳-南山区,1-1.5万/月,"['3-4年经验', '本科', '招若干人', '07-16发布', '五险一金', '定期体检', '弹性工作', '周末双休', '美女帅哥多', '晋升空间', '公司氛围好']"
java开发工程师,中通服软件科技有限公司,北京-东城区,1-1.5万/月,"['3-4年经验', '本科', '招6人', '07-16发布', '五险一金', '交通补贴', '餐饮补贴', '通讯补贴', '绩效奖金', '年终奖金', '弹性工作', '定期体检']"
GM_Java开发工程师,上海固买供应链管理有限公司,上海-青浦区,5-8千/月,"['3-4年经验', '大专', '招2人', '07-16发布', '五险一金', '餐饮补贴', '绩效奖金', '股票期权', '定期体检']"
JAVA开发工程师（偏前端）,成都诺一电气有限责任公司,成都-锦江区,0.8-1.3万/月,"['2年经验', '大专', '招1人', '07-16发布', '补充医疗保险', '员工旅游', '交通补贴', '餐饮补贴', '通讯补贴', '专业培训', '绩效奖金', '年终奖金', '弹性工作']"
Java开发工程师,深圳华思软件有限公司,深圳-南山区,1-1.8万/月,"['3-4年经验', '本科', '招2人', '07-16发布', '五险一金', '员工旅游', '交通补贴', '餐饮补贴', '年终奖金']"
急聘-java工程师,深圳市德科信息技术有限公司,南京-雨花台区,1.5-2万/月,"['3-4年经验', '本科', '招15人', '07-16发布', '五险一金', '补充医疗保险', '年终奖金', '绩效奖金', '员工旅游']"
java开发学徒/Java编程内部实习,河南生联计算机软件有限公司,郑州,6-8千/月,"['无工作经验', '中专', '招15人', '07-16发布', '五险一金', '交通补贴', '通讯补贴', '专业培训', '年终奖金', '绩效奖金']"
Java脚本开发+五险一金,青岛东邻虎网络科技有限公司,青岛-市北区,3.5-5千/月,"['无工作经验', '中专', '招4人', '07-16发布', '五险一金', '补充医疗保险', '补充公积金', '绩效奖金', '年终奖金', '弹性工作', '定期体检']"
Java后端开发工程师,北京怡孚和融科技有限公司,北京-海淀区,2.5-3.5万/月,"['2年经验', '本科', '招若干人', '07-16发布', '五险一金', '员工旅游', '专业培训', '绩效奖金', '年终奖金']"
Java开发工程师（工作地点花桥）,上海小鬼网络科技有限公司,上海,1.5-2万/月,"['1年经验', '大专', '招2人', '07-16发布', '五险一金', '定期体检', '员工旅游', '弹性工作', '出国机会', '绩效奖金', '年终奖金', '股票期权']"
J2EE开发工程师/JAVA开发工程师,成都大峰软件有限公司,成都-高新区,0.8-1.1万/月,"['3-4年经验', '大专', '招9人', '07-16发布']"
Java高级开发工程师,电讯盈科深圳,深圳-南山区,1.3-1.8万/月,"['5-7年经验', '大专', '招若干人', '07-16发布', '五险一金', '员工旅游', '交通补贴', '餐饮补贴', '绩效奖金', '年终奖金', '弹性工作', '定期体检', '专业培训']"
Java中级开发工程师,北京兰光创新科技有限公司,杭州,1-1.5万/月,"['3-4年经验', '本科', '招1人', '07-16发布', '五险一金', '餐饮补贴', '绩效奖金', '年终奖金', '股票期权']"
JAVA开发中高级工程师,深圳特为科创信息技术有限公司,深圳-宝安区,1-1.5万/月,"['3-4年经验', '大专', '招7人', '07-16发布', '五险一金', '周末双休', '13薪', '节日福利', '员工聚餐', '员工旅游', '人才推荐奖']"
Java软件开发,海丰国际控股有限公司,上海-虹口区,6-8千/月,"['无工作经验', '招3人', '07-16发布', '周末双休', '带薪年假', '五险一金', '绩效奖金', '全勤奖', '节日福利', '通讯补贴', '年终奖金', '定期体检']"
Java高级开发工程师,郑州万书信息技术有限公司,北京,1.1-1.3万/月,"['5-7年经验', '大专', '招2人', '07-16发布', '绩效奖金', '年终奖金', '朝九晚五', '周末双休', '包住', '专业培训', '员工旅游']"
Java开发工程师,浙江艾希汇先网络科技有限公司,杭州-西湖区,0.7-1.2万/月,"['1年经验', '本科', '招1人', '07-16发布']"
Java开发工程师,天津同创云科技术股份有限公司,天津-西青区,4-8千/月,"['1年经验', '本科', '招5人', '07-16发布', '五险一金', '专业培训', '绩效奖金', '员工宿舍']"
JAVA开发工程师（外包）,广州安正软件股份有限公司,深圳-福田区,1-1.8万/月,"['3-4年经验', '大专', '招7人', '07-16发布', '五险一金', '周末双休', '节日福利', '带薪年假']"
资深java后台工程师/技术专家(J180712017),滴滴出行,北京-海淀区,3-4万/月,"['5-7年经验', '本科', '招3人', '07-16发布']"
Java高级开发工程师,上海饰的网络科技有限公司,上海-普陀区,2.5-3万/月,"['3-4年经验', '大专', '招1人', '07-16发布', '五险一金', '餐饮补贴', '补充医疗保险', '补充公积金', '员工旅游', '股票期权', '年终奖金']"
Java开发工程师,湖南省中小企业公共服务平台有限公司,长沙-天心区,0.8-1万/月,"['无工作经验', '本科', '招1人', '07-16发布', '七险一金', '餐饮补贴', '年终奖金', '项目奖金', '节日福利', '定期体检', '出差补助']"
Java初级开发工程师(武汉）,福建亿策金点在线教育科技有限公司,武汉-东湖新技...,0.5-1万/月,"['2年经验', '大专', '招10人', '07-16发布', '五险一金', '员工旅游', '专业培训', '定期体检']"
软件工程师JAVA,上海悠翔信息技术有限公司,上海-浦东新区,0.6-1.5万/月,"['3-4年经验', '大专', '招3人', '07-16发布', '五险一金', '员工旅游', '交通补贴', '弹性工作', '专业培训', '绩效奖金']"
Java高级开发工程师,杉付通数据科技有限公司,上海-杨浦区,1.7-2.5万/月,"['3-4年经验', '大专', '招2人', '07-16发布', '做五休二', '周末双休', '带薪年假', '绩效奖金', '节日福利', '五险一金', '专业培训', '年终奖金']"
Java工程师,迷你考拉仓(北京)仓储服务有限公司,北京-朝阳区,1-1.5万/月,"['3-4年经验', '大专', '招1人', '07-16发布', '绩效奖金', '带薪年假', '节日福利', '专业培训', '交通补贴', '通讯补贴', '年终奖金']"
java开发工程师,北京鼎新弘图科技有限公司,北京-海淀区,0.9-1.2万/月,"['无工作经验', '本科', '招1人', '07-16发布', '五险一金', '员工旅游', '交通补贴', '年终奖金', '绩效奖金', '弹性工作']"
高级Java工程师,广州市大象体育产业有限公司,广州-天河区,1-1.8万/月,"['3-4年经验', '大专', '招4人', '07-16发布', '五险一金', '员工旅游', '年终奖金', '定期体检', '弹性工作']"
JAVA工程师,成都麦柯系统集成有限公司,成都-高新区,4-8千/月,"['3-4年经验', '本科', '招1人', '07-16发布', '五险一金', '员工旅游', '交通补贴', '通讯补贴', '定期体检', '绩效奖金', '年终奖金']"
初级Java程序员,深圳市顺时网络科技有限公司,深圳-宝安区,4.5-6千/月,"['1年经验', '大专', '招5人', '07-16发布', '五险一金', '绩效奖金', '年终奖金', '专业培训']"
高级JAVA开发工程师,方正国际软件（北京）有限公司,成都,1.5-2万/月,"['5-7年经验', '本科', '招1人', '07-16发布', '五险一金', '补充医疗保险', '交通补贴', '餐饮补贴', '通讯补贴', '绩效奖金', '年终奖金', '定期体检']"
Java高级开发工程师,宁波中正天路科技有限公司,宁波-鄞州区,0.7-2万/月,"['无工作经验', '招4人', '07-16发布', '五险一金', '员工旅游', '年终奖金', '绩效奖金', '出国机会']"
Java开发工程师,杭州诚泰科技有限公司,杭州-拱墅区,1.2-1.8万/月,"['无工作经验', '招2人', '07-16发布', '五险一金', '员工旅游', '定期体检', '带薪年假', '生日福利', '法定节假日', '年终资金', '高温补贴']"
软件工程师 (java/.net),湖南金润轩科技有限责任公司,异地招聘,4.5-6千/月,"['无工作经验', '大专', '招5人', '07-16发布', '五险一金', '定期体检', '周末双休', '带薪年假', '年底双薪', '交通补贴', '通讯补贴', '出差补贴']"
java软件工程师,北京京华华电数码科技有限公司,北京-石景山区,6-8千/月,"['3-4年经验', '大专', '招3人', '07-16发布']"
Java开发工程师,深圳来电科技有限公司,广州-番禺区,1.2-1.7万/月,"['3-4年经验', '本科', '招1人', '07-16发布', '五险一金', '专业培训', '绩效奖金', '年终奖金', '股票期权', '弹性工作']"
Java开发工程师,湖北腾旅科技有限责任公司,武汉-洪山区,1-1.6万/月,"['无工作经验', '大专', '招5人', '07-16发布', '五险一金', '员工旅游', '餐饮补贴', '专业培训', '年终奖金', '定期体检', '绩效奖金']"
JAVA开发工程师,上海睿问信息科技有限公司,上海-黄浦区,1-2万/月,"['3-4年经验', '本科', '招若干人', '07-16发布', '五险一金', '员工旅游', '年终奖金', '弹性工作']"
高薪聘请java软件工程师,南昌协达科技发展有限公司,南昌-西湖区,3-9千/月,"['2年经验', '大专', '招3人', '07-16发布']"
Java开发工程师,广州逗号科技有限公司,上海-黄浦区,1-2万/月,"['无工作经验', '大专', '招1人', '07-16发布', '五险一金', '餐饮补贴', '员工旅游', '补充医疗保险', '周末双休', '带薪年假', '节日福利', '团队活动', '专业培训', '其他补贴等']"
JAVA软件工程师,西安凯虹电子科技有限公司,西安,0.8-1万/月,"['3-4年经验', '本科', '招若干人', '07-16发布', '五险一金', '补充医疗保险', '员工旅游', '通讯补贴', '绩效奖金', '年终奖金', '餐饮补贴', '专业培训']"
java开发工程师,广州佩格信息科技有限公司,南宁,0.5-1.5万/月,"['1年经验', '大专', '招若干人', '07-16发布', '专业培训', '年终奖金', '弹性工作', '周末双休', '法定节假日', '节日福利', '岗位晋升', '专项补贴', '员工活动', '工作氛围好']"
Java高级工程师（前端）,广州星唯信息科技有限公司,广州,1-1.5万/月,"['2年经验', '本科', '招10人', '07-16发布']"
Java开发工程师,四川新迎顺信息技术股份有限公司,成都-高新区,0.6-1万/月,"['3-4年经验', '本科', '招2人', '07-16发布', '出国机会', '年终奖金', '定期体检', '五险']"
Java开发工程师,印孚瑟斯技术（中国）有限公司,深圳-龙岗区,1-2万/月,"['5-7年经验', '大专', '招若干人', '07-16发布', '五险一金', '补充医疗保险', '餐饮补贴', '绩效奖金', '年终奖金', '弹性工作', '定期体检']"
Java资深开发工程师,浙江朗旭医药有限公司,杭州-余杭区,1.5-2万/月,"['5-7年经验', '本科', '招1人', '07-16发布', '定期体检', '餐饮补贴', '绩效奖金', '年终奖金', '员工旅游', '周末双休']"
资深Java架构师（互联网交易平台）,众化（杭州）科技有限公司,杭州-西湖区,1.6-2.8万/月,"['5-7年经验', '本科', '招1人', '07-16发布', '餐饮补贴', '弹性工作', '绩效奖金', '专业培训', '出国机会', '员工旅游']"
Java开发工程师,北京联龙博通电子商务技术有限公司,西安-灞桥区,1-1.5万/月,"['3-4年经验', '本科', '招2人', '07-16发布', '五险一金', '专业培训', '交通补贴', '通讯补贴', '弹性工作']"
java高级研发工程师,广州青悠网络科技有限公司,广州-天河区,1.5-2万/月,"['3-4年经验', '本科', '招1人', '07-16发布', '员工旅游', '餐饮补贴', '绩效奖金', '年终奖金', '五险一金']"
初级java开发工程师,深圳宏景动力信息技术有限公司,异地招聘,4-7千/月,"['1年经验', '本科', '招若干人', '07-16发布', '周末双休', '带薪年假', '五险一金', '专业培训', '绩效奖金', '餐饮补贴', '员工旅游']"
中级java开发工程师,上海绿岸网络科技股份有限公司,上海,0.8-1.5万/月,"['3-4年经验', '本科', '招若干人', '07-16发布']"
Java软件开发工程师,广东拓迪智能科技有限公司,广州-黄埔区,0.7-1.5万/月,"['2年经验', '本科', '招1人', '07-16发布', '五险一金', '员工旅游', '专业培训', '绩效奖金', '定期体检', '周末双休', '节日福利', '全勤奖', '年底双薪']"
Java开发工程师,天津森雅医疗设备科技有限公司,天津,4.5-6千/月,"['无工作经验', '大专', '招2人', '07-16发布', '五险一金', '专业培训', '交通补贴', '餐饮补贴', '年终奖金']"
赴日Java,北京起鹏科技发展有限公司,异地招聘,1.5-2万/月,"['无工作经验', '招若干人', '07-16发布', '五险一金', '通讯补贴', '出国机会', '年终奖金', '绩效奖金', '交通补贴']"
Java软件工程师,上海盖讯信息技术有限公司,上海,0.4-1万/月,"['无工作经验', '招若干人', '07-16发布', '五险一金', '绩效奖金', '年终奖金', '餐饮补贴', '专业培训']"
JAVA技术培训讲师,合肥科大讯飞教育发展有限公司,异地招聘,0.8-1.5万/月,"['3-4年经验', '本科', '招1人', '07-16发布']"
JAVA程序员,上海亮威照明科技股份有限公司,南京-秦淮区,6-8千/月,"['2年经验', '本科', '招若干人', '07-16发布', '五险一金']"
Java中级开发工程师,广州超竞投资有限公司,深圳-南山区,1.5-2万/月,"['3-4年经验', '本科', '招2人', '07-16发布']"
Java开发经理,浙江鸿拓生物技术股份有限公司,杭州,4.5-6千/月,"['无工作经验', '招若干人', '07-16发布', '五险一金', '绩效奖金']"
Java高级开发工程师,北京中电万联科技股份有限公司,北京-石景山区,1-1.5万/月,"['3-4年经验', '本科', '招若干人', '07-16发布']"
JAVA工程师,北京中广通业信息科技股份有限公司,北京-西城区,0.6-1.2万/月,"['无工作经验', '招1人', '07-16发布', '五险一金', '节日福利', '通讯补贴', '年终奖金', '补充医疗保险']"
Java中级开发工程师,安徽芯联智能科技有限公司,合肥-高新区,7.5-9千/月,"['无工作经验', '招4人', '07-16发布', '免费班车', '弹性工作', '交通补贴', '年终奖金', '专业培训', '周末双休']"
Java中级开发工程师,苏州神州数码捷通科技有限公司,苏州,1-1.5万/月,"['3-4年经验', '本科', '招2人', '07-16发布', '五险一金', '员工旅游', '餐饮补贴', '专业培训', '年终奖金', '弹性工作', '定期体检', '节日福利']"
Java高级开发工程师,高新兴科技集团股份有限公司,广州-黄埔区,0.9-1.8万/月,"['无工作经验', '本科', '招10人', '07-16发布', '全员持股', '年终奖丰厚', '免费班车', '包三餐', '五险一金', '定期体检', '提供住宿']"
java软件开发工程师（10k-15k+五险一金+双休）,武汉合聚力信息技术有限公司,武汉-武昌区,1-1.5万/月,"['5-7年经验', '本科', '招2人', '07-16发布', '五险一金', '员工旅游', '交通补贴', '餐饮补贴', '通讯补贴', '专业培训', '出国机会', '绩效奖金', '年终奖金', '定期体检']"
Java开发工程师_长沙J10448,北京合融科技有限公司,长沙-雨花区,5-9千/月,"['3-4年经验', '本科', '招2人', '07-16发布', '五险一金', '专业培训', '通讯补贴', '餐饮补贴', '交通补贴', '年终奖金', '定期体检']"
JAVA程序员,北京思诺博信息技术股份有限公司,北京,4-8千/月,"['1年经验', '本科', '招若干人', '07-16发布', '五险一金', '绩效奖金', '年终奖金', '定期体检', '员工旅游', '专业培训']"
Java高级工程师,深圳市合伙人互联网金融服务有限公司,深圳-福田区,1-1.5万/月,"['3-4年经验', '本科', '招2人', '07-16发布', '五险一金', '员工旅游', '绩效奖金', '弹性工作', '定期体检', '专业培训', '年终奖金', '周末双休', '节日福利', '工作餐']"
Java开发工程师,卓志供应链集团,武汉-洪山区,0.5-1万/月,"['2年经验', '本科', '招2人', '07-16发布', '五险一金', '年终奖金', '节假日福利', '定期体检', '专业培训', '员工旅游', '带薪年假']"
Java应用开发软件工程师,浙江中安电子工程有限公司,杭州-上城区,1.2-1.5万/月,"['5-7年经验', '本科', '招1人', '07-16发布']"
智能家居-JAVA系统开发工程师,武汉零壹众创信息科技有限公司,武汉-洪山区,4.5-6千/月,"['无工作经验', '大专', '招6人', '07-16发布', '绩效奖金', '五险一金', '员工旅游', '定期体检', '弹性工作']"
java软件开发工程师,上海倍佩信息技术有限公司,上海-浦东新区,0.8-1.2万/月,"['3-4年经验', '本科', '招5人', '07-16发布', '五险一金', '餐饮补贴', '绩效奖金', '年终奖金', '定期体检']"
Java开发工程师,广州柏盛包装有限公司（艾利公司番...,广州-番禺区,,"['3-4年经验', '本科', '招1人', '07-16发布', '五险一金', '补充医疗保险', '免费班车', '通讯补贴', '定期体检', '年终奖金', '工作餐', '周末双休']"
Java软件研发项目经理,泰豪软件股份有限公司,异地招聘,0.9-1.6万/月,"['3-4年经验', '招1人', '07-16发布', '绩效奖金', '年终奖金', '交通补贴', '通讯补贴', '专业培训', '五险一金']"
Java开发工程师（五险一金、周末双休、年度旅游）,河南中盾云安信息科技有限公司,郑州-郑东新区,4-6万/年,"['无工作经验', '本科', '招2人', '07-16发布', '五险一金', '补充医疗保险', '员工旅游', '餐饮补贴', '年终奖金', '定期体检', '周末双休', '带薪年假']"
Java高级开发工程师,上海大智慧股份有限公司,上海-浦东新区,1.5-2万/月,"['5-7年经验', '大专', '招1人', '07-16发布', '年终奖金', '绩效奖金', '五险一金', '餐饮补贴', '定期体检', '专业培训']"
Java中/高级开发工程师,深圳市视维科技股份有限公司,长沙-岳麓区,0.8-1.2万/月,"['3-4年经验', '招1人', '07-16发布', '五险一金', '员工旅游', '专业培训', '出国机会', '绩效奖金', '年终奖金', '定期体检', '餐饮补贴', '弹性工作']"
Java开发工程师,重庆华晟讯科技有限公司,上海-闵行区,1-2万/月,"['3-4年经验', '本科', '招1人', '07-16发布', '五险一金', '弹性工作', '定期体检', '年终奖金', '绩效奖金', '周末双休', '团队活动', '商业保险']"
Java高级开发工程师,广州市软捷网络科技有限公司,广州-天河区,1-1.8万/月,"['3-4年经验', '大专', '招2人', '07-16发布']"
Java高级开发工程师,江苏达海智能系统股份有限公司,上海-杨浦区,1.5-2.5万/月,"['2年经验', '本科', '招若干人', '07-16发布', '五险一金', '专业培训', '绩效奖金', '定期体检']"
Java中级开发工程师,深圳市维曼计算机有限公司,深圳-南山区,1.5-2万/月,"['3-4年经验', '本科', '招5人', '07-16发布', '五险一金', '员工旅游', '专业培训', '绩效奖金', '年终奖金', '定期体检', '弹性工作', '带薪年假']"
Java开发工程师,大连永鑫科技有限公司,大连,6-8千/月,"['2年经验', '大专', '招若干人', '07-16发布', '五险一金', '补充医疗保险', '补充公积金', '免费班车', '员工旅游', '交通补贴', '年终奖金', '绩效奖金', '出国机会', '定期体检']"
初级JAVA工程师,中国电信集团系统集成有限责任公司...,哈尔滨-南岗区,3-4千/月,"['1年经验', '大专', '招9人', '07-16发布', '交通补贴', '餐饮补贴', '通讯补贴', '绩效奖金', '年终奖金', '五险', '周末双休', '带薪年假']"
Java软件开发工程师,广州广府通信息科技有限公司,广州-越秀区,1-1.5万/月,"['2年经验', '本科', '招1人', '07-16发布', '五险一金', '交通补贴', '员工旅游', '餐饮补贴', '通讯补贴', '专业培训', '绩效奖金', '年终奖金', '定期体检']"
Java开发实习生,湖南文盾信息技术有限公司,长沙-开福区,2-4千/月,"['无工作经验', '大专', '招若干人', '07-16发布', '五险一金', '年终奖金', '股票期权', '周末双休']"
Java高级开发工程师,北京中兴通控股有限公司,北京-海淀区,1.5-2.5万/月,"['5-7年经验', '本科', '招1人', '07-16发布', '五险一金', '补充医疗保险', '交通补贴', '餐饮补贴', '通讯补贴', '年终奖金', '定期体检', '节日福利']"
Java开发工程师（高级）,上海通创信息技术股份有限公司,上海-浦东新区,30-35万/年,"['2年经验', '招4人', '07-16发布', '五险一金', '通讯补贴', '餐饮补贴', '交通补贴', '定期体检']"
java开发工程师（技术规划）,证通股份有限公司,上海-浦东新区,15-28万/年,"['无工作经验', '招1人', '07-16发布', '做五休二', '补充公积金', '补充医疗保险', '节日福利', '免费班车', '餐饮补贴']"
Java中级开发工程师,上海绿远环保科技有限公司,苏州-工业园区,1-1.5万/月,"['3-4年经验', '大专', '招2人', '07-16发布', '五险一金', '绩效奖金', '年终奖金', '员工旅游']"
Java软件开发工程师,武汉闻风科技有限公司,武汉-洪山区,5.5-7千/月,"['2年经验', '本科', '招5人', '07-16发布', '绩效奖金', '定期体检', '员工旅游', '五险', '加班奖金']"
JAVA开发工程师,上海畅星软件有限公司,上海-浦东新区,1-1.5万/月,"['3-4年经验', '本科', '招2人', '07-16发布']"
软件工程师/JAVA工程师,北京金鼎峰瑞科技有限公司,玉林,4-6千/月,"['3-4年经验', '大专', '招5人', '07-16发布']"
Java高级开发工程师,南京昆虫软件有限公司,南京,1-1.5万/月,"['3-4年经验', '大专', '招5人', '07-16发布', '五险一金', '员工旅游', '年终奖金', '股票期权']"
Java前端开发工程师,西藏佳斯特信息技术有限公司,成都-高新区,0.8-1.5万/月,"['3-4年经验', '本科', '招若干人', '07-16发布', '五险一金', '免费班车', '员工旅游', '交通补贴', '股票期权', '年终奖金', '绩效奖金', '出国机会', '专业培训', '定期体检']"
Java高级开发工程师,重庆洛唐信息技术有限公司,重庆-渝北区,0.8-1万/月,"['2年经验', '大专', '招1人', '07-16发布', '五险一金', '交通补贴', '餐饮补贴', '年终奖金']"
Java前端开发工程师,岳阳市瑞科网络科技有限公司,异地招聘,6-8千/月,"['2年经验', '大专', '招若干人', '07-16发布']"
研发工程师（JAVA西安）,核工业计算机应用研究所,西安,0.5-1万/月,"['1年经验', '大专', '招3人', '07-16发布', '五险一金', '通讯补贴', '专业培训', '年终奖金', '定期体检']"
Java开发工程师(可短期或者长期出差日本),南通苏慧信息技术有限公司,上海,1.5-2万/月,"['3-4年经验', '本科', '招若干人', '07-16发布', '五险一金', '出国机会']"
高级JAVA工程师/互联网广告,上海猎鹰网络有限公司,上海-长宁区,2-2.5万/月,"['3-4年经验', '大专', '招1人', '07-16发布', '五险一金', '弹性工作', '定期体检', '员工旅游', '年终奖金', '专业培训']"
Java高级开发工程师,遨游酒店信息技术（深圳）有限责任...,上海,1.5-2.5万/月,"['5-7年经验', '本科', '招5人', '07-16发布', '五险一金', '绩效奖金', '年终奖金']"
java开发工程师（技术经理方向）,上海方付通商务服务有限公司,合肥,1.5-2.5万/月,"['3-4年经验', '本科', '招若干人', '07-16发布', '五险一金', '专业培训', '餐饮补贴', '节假日慰问金', '商业保险', '团队活动', '商业体检', '带薪病假', '带薪年假', '扁平化管理']"
Java开发工程师,厦门净能环保科技有限公司,厦门,0.8-1万/月,"['2年经验', '大专', '招1人', '07-16发布', '员工旅游', '出国机会', '五险', '法定节假日', '周末双休']"
Java实习生双休五险一金,沈阳中科智达科技有限公司,沈阳-沈河区,3-4.5千/月,"['无工作经验', '大专', '招若干人', '07-16发布', '五险一金', '补充医疗保险', '员工旅游', '交通补贴', '绩效奖金', '年终奖金', '餐饮补贴', '通讯补贴', '弹性工作', '定期体检']"
Java开发工程师,广州市正唐信息科技有限公司,广州,0.6-1.2万/月,"['3-4年经验', '本科', '招1人', '07-16发布', '五险一金', '员工旅游', '交通补贴', '绩效奖金', '年终奖金', '弹性工作', '定期体检']"
java-web工程师,天津友盟科技有限公司,南京-秦淮区,0.7-2万/月,"['3-4年经验', '招2人', '07-16发布', '五险一金', '交通补贴', '餐饮补贴', '年终奖金', '定期体检']"
Java工程师（中级）,成都百庆人力资源服务有限公司,成都-高新区,0.9-1.5万/月,"['3-4年经验', '本科', '招1人', '07-16发布', '五险一金', '交通补贴', '通讯补贴', '餐饮补贴', '绩效奖金', '年终奖金']"
Java架构师,上海嘉善网络科技有限公司,上海-杨浦区,2.5-4.5万/月,"['5-7年经验', '本科', '招1人', '07-16发布', '五险一金', '员工旅游', '补充公积金', '专业培训', '弹性工作', '年终奖金']"
java软件工程师,长沙市标创信息科技有限公司,长沙,4.5-8千/月,"['3-4年经验', '大专', '招4人', '07-16发布']"
Java Software  Engineer,营利度富信息系统（上海）有限公司,上海,30-40万/年,"['2年经验', '招2人', '07-16发布']"
java架构师（WiFi项目）,杭州橙鹰数据技术有限公司,杭州-余杭区,1.5-2.5万/月,"['3-4年经验', '本科', '招1人', '07-16发布', '五险一金', '员工旅游', '股票期权', '年终奖金', '定期体检']"
Java中级开发工程师,深圳妈妈资本管理有限公司,深圳,1-1.5万/月,"['3-4年经验', '本科', '招3人', '07-16发布', '五险一金', '员工旅游', '绩效奖金', '股票期权']"
软件Java开发工程师,成都优旭科技有限公司,成都,0.3-1万/月,"['1年经验', '本科', '招5人', '07-16发布', '五险一金', '年终奖金', '员工旅游', '出差补贴', '周末双休']"
Java高级开发工程师,电讯盈科企业方案,广州,1.5-2万/月,"['5-7年经验', '本科', '招若干人', '07-16发布', '五险一金', '员工旅游', '专业培训', '绩效奖金', '年终奖金', '弹性工作', '定期体检']"
狐友Java开发工程师-社交产品中心,搜狐媒体,北京-海淀区,2-3.5万/月,"['2年经验', '本科', '招2人', '07-16发布']"
主任工程师(java方向）（西安）,上海新华控制技术集团科技有限公司,异地招聘,1-2万/月,"['5-7年经验', '本科', '招2人', '07-16发布', '五险一金']"
Java开发工程师,大连谷瑞特科技有限公司,大连-高新园区,6-8千/月,"['3-4年经验', '大专', '招若干人', '07-16发布', '五险一金', '年终奖金', '免费班车', '定期体检', '带薪年假12天']"
Java开发工程师,武汉塞力斯医疗科技股份有限公司,武汉-东西湖区,1.5-2万/月,"['无工作经验', '招2人', '07-16发布', '五险一金', '免费班车', '员工旅游', '交通补贴', '餐饮补贴', '通讯补贴', '专业培训', '年终奖金']"
高级Java开发工程师,武汉美丽椰岛美容美发有限公司,武汉-江岸区,0.8-1.5万/月,"['无工作经验', '招1人', '07-16发布', '五险一金', '定期体检', '餐饮补贴']"
Java开发工程师,江西风向标教育科技有限公司,南昌-红谷滩新区,0.8-1万/月,"['3-4年经验', '本科', '招1人', '07-16发布', '员工旅游', '五险', '节日福利']"
Java高级工程师,医药魔方,北京-朝阳区,1.5-2.5万/月,"['3-4年经验', '本科', '招1人', '07-16发布', '五险一金', '员工旅游', '弹性工作', '绩效奖金']"
JAVA程序开发工程师,深圳市钱大妈农产品有限公司,深圳-南山区,1.5-2万/月,"['5-7年经验', '本科', '招2人', '07-16发布', '弹性工作', '绩效奖金', '五险一金', '员工旅游', '交通补贴', '餐饮补贴', '出国机会', '年终奖金', '定期体检']"
Java开发经理,山东博正中联信息科技股份有限公司,济南-历下区,1-1.5万/月,"['无工作经验', '招2人', '07-16发布']"
Java web 高级软件工程师,深圳美云集网络科技有限责任公司,深圳-龙岗区,1-2万/月,"['5-7年经验', '大专', '招若干人', '07-16发布', '五险一金', '补充公积金', '员工旅游', '餐饮补贴', '年终奖金', '专业培训', '绩效奖金']"
Java高级讲师,长沙欧柏泰克科技有限公司,长沙,1-1.5万/月,"['无工作经验', '大专', '招5人', '07-16发布', '做五休二', '包住宿', '专业培训', '餐饮补贴', '绩效奖金', '带薪年假']"
Java工程师,深圳市微商时代科技有限公司,深圳-南山区,2-3.5万/月,"['3-4年经验', '本科', '招1人', '07-16发布', '五险一金', '补充公积金', '员工旅游', '餐饮补贴', '定期体检', '年终奖金', '团队分享', '周末双休', '月度福利', '团队旅游']"
java高级工程师（大数据）,欢网科技有限责任公司,北京-朝阳区,1.5-2万/月,"['3-4年经验', '大专', '招1人', '07-16发布', '五险一金', '定期体检', '餐饮补贴', '交通补贴', '年终奖金', '弹性工作', '通讯补贴']"
中级java开发（3-5年）,北京中油瑞飞信息技术有限责任公司,北京-石景山区,1-2万/月,"['3-4年经验', '本科', '招10人', '07-16发布', '补充医疗保险', '免费班车', '员工旅游', '通讯补贴', '专业培训', '绩效奖金', '年终奖金', '定期体检', '带薪年假', '周末双休']"
Java开发工程师,广州华工弈高科技有限公司,广州-天河区,0.6-1.2万/月,"['2年经验', '本科', '招若干人', '07-16发布', '五险一金', '餐饮补贴', '通讯补贴', '定期体检', '节日福利', '电脑补助']"
Java开发工程师,中饮巴比食品股份有限公司,上海,1.2-1.5万/月,"['3-4年经验', '大专', '招2人', '07-16发布', '专业培训', '通讯补贴', '餐饮补贴', '绩效奖金', '年终奖金', '五险一金', '交通补贴', '员工旅游']"
Java开发工程师（互金行业）,北京掌众金融信息服务有限公司,异地招聘,2.2-3万/月,"['3-4年经验', '本科', '招若干人', '07-16发布']"
Java软件开发工程师,科易人（苏州）智能装备科技有限公司,苏州,1-1.5万/月,"['2年经验', '招1人', '07-16发布', '交通补贴', '餐饮补贴', '通讯补贴', '做五休二', '节日福利', '五险一金', '绩效奖金', '年终奖金', '员工旅游']"
Java开发实习生  可应届+周末双休,合肥云普信息技术有限公司,合肥-高新区,4.5-6千/月,"['无工作经验', '大专', '招4人', '07-16发布', '五险一金', '餐饮补贴', '补充公积金', '免费班车', '员工旅游', '年终奖金', '定期体检', '弹性工作', '交通补贴', '专业培训']"
JAVA开发工程师,广东岭南通股份有限公司,广州-越秀区,10-15万/年,"['无工作经验', '本科', '招若干人', '07-16发布', '五险一金', '员工旅游', '交通补贴', '餐饮补贴', '通讯补贴', '专业培训', '绩效奖金', '年终奖金', '定期体检']"
Java开发工程师（可实习）双休,大连摩比维迪视频系统有限公司,大连-沙河口区,3.5-4.5千/月,"['无工作经验', '大专', '招若干人', '07-16发布', '节日福利', '五险一金', '带薪年假', '补充医疗保险', '员工旅游', '年终奖金', '周末双休']"
JAVA开发工程师,武汉数信科技有限公司,武汉,3-6千/月,"['1年经验', '大专', '招2人', '07-16发布', '五险一金', '专业培训', '员工旅游', '年终奖金']"
Java高级开发工程师,广州大象健康科技有限公司,广州-天河区,1.2-1.9万/月,"['3-4年经验', '招1人', '07-16发布', '五险一金', '绩效奖金', '年终奖金']"
JAVA软件工程师,江苏公信软件科技发展有限公司,常州,4.5-6千/月,"['1年经验', '大专', '招2人', '07-16发布', '五险一金', '绩效奖金', '专业培训', '股票期权', '定期体检', '年终奖金']"
中级Java工程师,环球雅途集团有限公司,深圳-南山区,1.3-1.8万/月,"['3-4年经验', '本科', '招2人', '07-16发布', '五险一金', '年终奖金', '绩效奖金', '专业培训', '员工旅游', '出国机会']"
JAVA项目经理/高级JAVA软件工程师,深圳市拜特科技股份有限公司,深圳-福田区,1.2-2万/月,"['5-7年经验', '本科', '招2人', '07-16发布', '五险一金', '定期体检', '弹性工作', '专业培训', '项目奖金', '员工旅游', '节日福利', '周末双休']"
Java开发工程师,南京伯罗奔尼能源管理有限公司,南京,0.8-1.2万/月,"['3-4年经验', '大专', '招1人', '07-16发布', '五险一金', '员工旅游', '交通补贴', '餐饮补贴', '通讯补贴', '年终奖金', '定期体检', '周末双休', '出差补贴', '部门奖励']"
Java开发工程师,湖北互信互通信息技术有限公司,武汉-武昌区,0.8-1.5万/月,"['2年经验', '大专', '招1人', '07-16发布', '五险一金', '交通补贴', '餐饮补贴', '节日福利']"
java工程师（高级）,北京方圆奇正数码科技有限公司,北京,1.5-2.5万/月,"['5-7年经验', '本科', '招若干人', '07-16发布', '五险一金', '做五休二', '弹性工作', '周末双休']"
java开发工程师（急聘）,上海兴候信息科技有限公司,上海-宝山区,4.5-6千/月,"['2年经验', '大专', '招若干人', '07-16发布', '五险一金']"
java工程师,江苏科佳软件开发有限公司,常州,6-8千/月,"['2年经验', '大专', '招2人', '07-16发布', '五险一金', '定期体检', '年终奖金', '员工旅游']"
Java开发主管,上海蔬康网络科技有限公司,上海-浦东新区,1.5-2万/月,"['3-4年经验', '招2人', '07-16发布', '五险一金', '定期体检', '绩效奖金', '年终奖金', '专业培训']"
Java资深开发工程师,上海能资信息科技有限公司,上海-浦东新区,1.8-3万/月,"['5-7年经验', '本科', '招2人', '07-16发布']"
Java开发工程师,深圳万威科技有限公司,深圳-南山区,15-25万/年,"['3-4年经验', '大专', '招1人', '07-16发布', '五险一金', '员工旅游', '餐饮补贴', '专业培训', '绩效奖金', '年终奖金', '定期体检']"
JAVA软件开发工程师（金融）,天津卓信软件开发有限公司,天津-南开区,4-6千/月,"['无工作经验', '招3人', '07-16发布', '五险一金', '餐饮补贴', '节日福利', '带薪年假', '年终奖金']"
JAVA高级程序员,利驰软件,西安-高新技术...,0.8-1.2万/月,"['2年经验', '本科', '招1人', '07-16发布', '五险一金', '年终奖金', '绩效奖金']"
Java开发工程师,博盛东宇（北京）科技有限公司,北京-昌平区,0.8-1万/月,"['无工作经验', '招若干人', '07-16发布', '五险一金', '免费班车', '定期体检', '年终奖金', '绩效奖金', '弹性工作']"
Java后台开发工程师,世纪恒通科技股份有限公司,洛阳,6-8千/月,"['2年经验', '本科', '招若干人', '07-16发布']"
Java资深开发工程师,苏州中能鼎立电子商务有限公司,苏州,1-1.5万/月,"['3-4年经验', '大专', '招若干人', '07-16发布', '五险一金', '绩效奖金', '5天8小时', '员工旅游', '股票期权', '餐饮补贴', '年终奖金']"
Java开发实习生,广州市殷雷信息技术有限公司,广州-天河区,2-3千/月,"['无工作经验', '招若干人', '07-16发布', '绩效奖金', '周末双休']"
java开发工程师,广州比地数据科技有限公司,广州-天河区,0.8-1.8万/月,"['3-4年经验', '大专', '招2人', '07-16发布', '五险一金', '餐饮补贴', '周末双休']"
JAVA高级工程师,杭州宸鹫科技有限公司,杭州-江干区,2-3万/月,"['2年经验', '大专', '招3人', '07-16发布', '五险一金', '员工旅游', '餐饮补贴', '通讯补贴', '年终奖金', '绩效奖金', '专业培训', '出国机会', '定期体检', '免费班车']"
Java高级开发工程师,江苏正瑞信息科技有限公司,南京,1-1.8万/月,"['3-4年经验', '大专', '招1人', '07-16发布', '周末双休', '五险一金', '交通补贴', '带薪年假', '节日福利']"
Java软件工程师,第一线集团,广州-越秀区,0.8-1.2万/月,"['3-4年经验', '大专', '招1人', '07-16发布', '五险一金', '定期体检', '员工旅游']"
初级Java工程师,广州哇嘎文化传媒有限公司,广州-天河区,0.6-1.2万/月,"['1年经验', '大专', '招若干人', '07-16发布', '五险一金', '年终奖金', '弹性工作']"
Java开发工程师,海口徽华盛智能科技有限公司,海口,3-5千/月,"['2年经验', '本科', '招5人', '07-16发布', '五险一金', '周末双休', '包住']"
Java开发工程师,西安瑞宝电子科技有限公司,异地招聘,0.5-1万/月,"['1年经验', '本科', '招10人', '07-16发布', '五险一金', '周末双休', '定期体检', '员工旅游', '年终奖金']"
java 高级工程师,杭州迎创网络科技有限公司,杭州-西湖区,0.8-3万/月,"['2年经验', '本科', '招13人', '07-16发布', '五险一金', '餐饮补贴', '弹性工作', '员工旅游', '专业培训', '员工生日会']"
Java开发工程师,中兴软创科技股份有限公司,南京-江宁区,1.2-2.4万/月,"['无工作经验', '本科', '招若干人', '07-16发布']"
JAVA工程师,广州招点信息科技有限公司,广州-黄埔区,6-8千/月,"['1年经验', '招2人', '07-16发布', '五险一金', '弹性工作', '年终奖金', '绩效奖金']"
Java高级开发工程师,南京呆萌猫网络科技有限公司,南京-建邺区,1-1.5万/月,"['无工作经验', '招若干人', '07-16发布', '五险一金', '餐饮补贴', '弹性工作', '定期体检', '补充医疗保险', '补充公积金', '专业培训', '年终奖金', '无限量下午茶']"
Java开发工程师,二二一数据有限公司,上海-浦东新区,1.5-2.5万/月,"['3-4年经验', '本科', '招2人', '07-16发布', '五险一金', '员工旅游', '定期体检']"
JAVA开发工程师,上海通方信息系统有限公司,上海-静安区,0.4-1.3万/月,"['1年经验', '大专', '招若干人', '07-16发布', '五险一金', '餐饮补贴', '专业培训', '绩效奖金']"
Java开发工程师,武汉吉祥美生物科技有限公司,武汉-武昌区,1.5-2万/月,"['3-4年经验', '本科', '招5人', '07-16发布', '员工旅游', '专业培训', '绩效奖金', '年终奖金', '五险', '提供住宿']"
华为业务线Java开发工程师,长沙市联讯软件技术有限公司,长沙-雨花区,4.5-6千/月,"['无工作经验', '本科', '招2人', '07-16发布', '周末双休', '带薪年假', '五险一金', '节日福利', '加班补贴', '年终奖金']"
Java中级开发工程师,山东省大秦实业集团有限公司,济南,6-8千/月,"['2年经验', '大专', '招1人', '07-16发布', '五险一金', '餐饮补贴', '通讯补贴', '专业培训', '员工旅游', '定期体检', '股票期权', '年终奖金', '绩效奖金']"
Java中级开发工程师,广州瑞友信息技术有限公司,广州-天河区,0.8-1.2万/月,"['2年经验', '招8人', '07-16发布']"
Java开发工程师（上海）,深圳市赢时胜信息技术股份有限公司...,上海-浦东新区,0.8-1.5万/月,"['1年经验', '本科', '招4人', '07-16发布', '五险一金', '绩效奖金', '员工旅游', '年终奖金', '专业培训']"
GIS软件研发工程师java,亚信软件CTC,南京-鼓楼区,0.7-1.5万/月,"['2年经验', '本科', '招2人', '07-16发布', '五险一金', '补充医疗保险', '餐饮补贴', '交通补贴', '通讯补贴', '专业培训', '绩效奖金', '年终奖金', '定期体检']"
Java开发工程师,重庆享控智能科技有限公司,重庆-渝北区,0.8-1.5万/月,"['3-4年经验', '本科', '招2人', '07-16发布', '五险一金', '员工旅游', '餐饮补贴', '定期体检', '年底双薪']"
JAVA开发工程师（急聘）,广州博凡网络科技有限公司,广州-天河区,1-1.8万/月,"['3-4年经验', '招若干人', '07-16发布', '专业培训', '通讯补贴', '股票期权', '定期体检', '周末双休', '五险一金', '年终奖金', '员工旅游', '绩效奖金']"
Java高级开发工程师,钱包生活,上海-闵行区,2.5-3万/月,"['5-7年经验', '本科', '招2人', '07-16发布', '五险一金', '餐饮补贴', '弹性工作', '专业培训', '绩效奖金', '年终奖金']"
Java高级开发工程师,广州市数商云网络科技有限公司,广州-海珠区,1-1.5万/月,"['3-4年经验', '大专', '招若干人', '07-16发布', '员工旅游', '弹性工作', '五险一金', '定期体检']"
金融/财税平台JAVA高级工程师,上海财源投资发展有限公司,上海-浦东新区,0.8-1万/月,"['2年经验', '本科', '招1人', '07-16发布']"
Java开发工程师,杭州炼数科技有限公司,杭州-江干区,1-1.5万/月,"['无工作经验', '招3人', '07-16发布', '五险一金', '绩效奖金', '年终奖金', '股票期权', '弹性工作']"
java讲师（五险一金+ 高薪）,长沙市优才互联网专修学院,长沙-天心区,0.8-1万/月,"['2年经验', '大专', '招2人', '07-16发布', '五险一金', '专业培训', '绩效奖金', '餐饮补贴', '周末双休', '住宿', '年终奖金', '定期体检', '免费班车']"
高级JAVA研发工程师,成都易贷网金融信息服务有限公司,成都-锦江区,1-2万/月,"['无工作经验', '本科', '招2人', '07-16发布', '五险一金', '员工旅游', '年终奖金', '专业培训']"
JAVA工程师,广州精通教育科技有限公司,广州,0.6-1.3万/月,"['3-4年经验', '本科', '招1人', '07-16发布', '员工旅游', '餐饮补贴', '绩效奖金', '年终奖金', '弹性工作', '定期体检', '五险']"
Java开发工程师,上海致宇信息技术有限公司,重庆-渝北区,4.5-6千/月,"['无工作经验', '招1人', '07-16发布', '做五休二', '专业培训', '五险一金', '节日福利', '带薪年假', '团队聚餐', '年度旅游', '出国旅游机会', '学习基金']"
高级Java架构师/系统架构师,上海宜希加文化传播有限公司,上海-静安区,3-4万/月,"['8-9年经验', '本科', '招1人', '07-16发布', '五险一金', '员工旅游', '专业培训', '年终奖金', '定期体检']"
Java初级软件工程师,上海艾逻思智能设备有限公司,无锡,4.5-6千/月,"['1年经验', '大专', '招2人', '07-16发布', '五险一金', '餐饮补贴', '年终奖金', '弹性工作']"
Java软件开发实习生,海南海辰科技有限公司海口分公司,海口,4.5-6千/月,"['无工作经验', '大专', '招若干人', '07-16发布']"
Java 高级工程师,北京联创高科信息技术有限公司,太原,1-1.5万/月,"['5-7年经验', '本科', '招3人', '07-16发布', '五险一金', '绩效奖金', '专业培训', '员工旅游']"
Java后台开发工程师,广州市拉丁互联网科技股份有限公司,广州-天河区,0.8-1万/月,"['1年经验', '大专', '招1人', '07-16发布', '五险一金', '员工旅游', '年终奖金', '绩效奖金']"
Java工程师（集团））,爱客仕网络科技有限公司,杭州-江干区,1.2-2.7万/月,"['2年经验', '大专', '招1人', '07-16发布', '五险一金', '交通补贴', '餐饮补贴', '年终奖金']"
Java中级,郑州李唐电子科技有限公司,郑州,0.7-1万/月,"['2年经验', '本科', '招若干人', '07-16发布', '五险一金', '员工旅游', '绩效奖金', '年终奖金', '定期体检']"
java工程师,上海问世信息科技有限公司,上海-浦东新区,1-1.5万/月,"['3-4年经验', '大专', '招2人', '07-16发布']"
支付JAVA,湖南微阵信息技术有限公司,长沙-天心区,1.5-2万/月,"['5-7年经验', '大专', '招2人', '07-16发布', '包住宿', '带薪年假', '五险一金', '餐饮补贴', '节日福利', '全勤奖', '专业培训', '加班补贴', '绩效奖金', '年终奖金']"
初级java工程师（双休+五险一金）,山东兰剑物流科技股份有限公司,济南,3-5千/月,"['无工作经验', '招3人', '07-16发布', '五险一金', '补充公积金', '交通补贴', '餐饮补贴', '年终奖金']"
JAVA开发工程师,北京光宇在线科技有限责任公司,北京,0.7-1万/月,"['无工作经验', '本科', '招若干人', '07-16发布', '综合医疗', '提供住宿', '餐饮补贴', '转正机会']"
Java高级开发工程师,中祥创能（北京）科技产业有限公司,武汉-江汉区,0.8-1.5万/月,"['3-4年经验', '本科', '招1人', '07-16发布', '五险一金', '周末双休', '年终奖金', '员工旅游', '定期体检', '专业培训', '绩效奖金']"
Java高级开发工程师,山东中磁视讯股份有限公司,武汉-洪山区,0.8-1.5万/月,"['5-7年经验', '大专', '招3人', '07-16发布', '五险一金', '员工旅游', '餐饮补贴', '定期体检', '股票期权', '绩效奖金', '午餐补助', '年节福利']"
Java架构师,深圳市运维网络有限公司,深圳-福田区,2-2.5万/月,"['5-7年经验', '本科', '招1人', '07-16发布', '五险一金', '员工旅游', '周末双休', '年底双薪']"
Java高级开发工程师,深圳掌尚蚂蚁科技有限公司,深圳-南山区,1-2万/月,"['5-7年经验', '大专', '招2人', '07-16发布', '五险一金', '员工旅游', '交通补贴', '餐饮补贴', '专业培训', '绩效奖金', '年终奖金', '股票期权', '弹性工作']"
Java软件工程师,广州飞卓科汇信息科技有限公司,广州-越秀区,6-8千/月,"['1年经验', '招若干人', '07-16发布', '五险一金', '补充医疗保险', '员工旅游', '通讯补贴', '绩效奖金', '年终奖金', '定期体检', '带薪年假', '年终双薪']"
Java开发工程师(002736),卓望数码技术（深圳）有限公司,深圳-南山区,1-1.7万/月,"['3-4年经验', '本科', '招若干人', '07-16发布']"
JAVA高级软件开发工程师,南京品德科技有限责任公司,南京-雨花台区,0.8-1.5万/月,"['3-4年经验', '大专', '招2人', '07-16发布', '五险一金', '弹性工作', '专业培训', '员工旅游', '年终奖金']"
Java开发工程师,深圳新河通创科技有限公司,深圳-南山区,1-1.5万/月,"['3-4年经验', '本科', '招2人', '07-16发布', '五险一金', '专业培训', '年终奖金', '加班补贴']"
Java开发工程师,广东柯内特环境科技有限公司,异地招聘,0.8-1万/月,"['2年经验', '大专', '招若干人', '07-16发布', '五险一金', '专业培训', '年终奖金', '弹性工作', '导师制', '成长空间']"
Java编程开发助理--双休,湖北华奥星空体育产业联盟发展有限...,武汉-武昌区,4-6千/月,"['无工作经验', '大专', '招4人', '07-16发布', '五险一金', '补充公积金', '员工旅游', '绩效奖金', '年终奖金', '弹性工作', '定期体检']"
Java开发,福州优核动力数字科技有限公司,福州-鼓楼区,4-8千/月,"['1年经验', '大专', '招若干人', '07-16发布', '五险一金', '餐饮补贴', '专业培训', '年终奖金', '股票期权']"
Java开发工程师,广州市启邦国际物流有限公司,广州-南沙区,0.6-1万/月,"['2年经验', '大专', '招2人', '07-16发布', '免费班车', '五险', '定期体检', '包住', '团队聚餐', '年终奖金', '单双休']"
java高级程序员,武汉洛比科技有限公司,武汉,0.8-1万/月,"['2年经验', '本科', '招若干人', '07-16发布', '五险一金', '补充公积金', '交通补贴', '餐饮补贴', '通讯补贴', '绩效奖金', '年终奖金', '专业培训', '定期体检']"
Java高级开发工程师,上海津逸国际贸易有限公司,上海-闵行区,1-2万/月,"['无工作经验', '招2人', '07-16发布', '员工旅游', '餐饮补贴', '绩效奖金']"
Java开发工程师,上海君睿信息技术有限公司,常州,4.5-8千/月,"['2年经验', '大专', '招3人', '07-16发布', '五险一金', '绩效奖金', '年终奖金', '定期体检']"
Java资深开发工程师,上海迪维欧电子设备有限公司,上海-徐汇区,1.1-1.8万/月,"['5-7年经验', '本科', '招1人', '07-16发布', '五险一金', '员工旅游', '年终奖金']"
Java开发工程师,四川御顺金融外包服务有限公司,成都,0.6-1万/月,"['2年经验', '大专', '招2人', '07-16发布', '五险一金', '员工旅游', '专业培训', '出国机会', '绩效奖金', '年终奖金']"
JAVA软件工程师,上海达联电子科技有限公司,上海,0.8-2万/月,"['3-4年经验', '大专', '招若干人', '07-16发布', '五险一金', '员工旅游', '专业培训', '绩效奖金', '年终奖金']"
Java开发工程师（海外银行项目）,深圳市长亮科技股份有限公司,深圳,0.8-1万/月,"['1年经验', '本科', '招2人', '07-16发布', '绩效奖金', '年终奖金']"
JAVA软件工程师,中秀科技（无锡）有限公司,无锡-滨湖区,6-8千/月,"['2年经验', '本科', '招1人', '07-16发布', '五险一金', '餐饮补贴']"
Java高级开发工程师,武汉一起好金融信息服务股份有限公司,武汉,1.4-1.8万/月,"['3-4年经验', '招1人', '07-16发布', '五险一金', '员工旅游', '周末双休', '全勤奖', '节日福利']"
java开发工程师,沈阳彩檬科技有限公司,沈阳-浑南区,6-8千/月,"['3-4年经验', '本科', '招1人', '07-16发布']"
Java开发工程师,深圳中科软科技信息系统有限公司,深圳-罗湖区,0.5-1.2万/月,"['无工作经验', '大专', '招若干人', '07-16发布', '五险一金', '补充医疗保险', '员工旅游', '年终奖金', '定期体检', '专业培训', '通讯补贴']"
高级JAVA开发,深圳市星众传媒科技有限公司,深圳-福田区,1.5-2万/月,"['3-4年经验', '本科', '招3人', '07-16发布', '五险一金', '股票期权', '周末双休']"
游戏服务端开发工程师（Java）,上海小游网络科技有限公司,上海-普陀区,1-1.5万/月,"['2年经验', '大专', '招若干人', '07-16发布', '五险一金']"
JAVA工程师/高级软件工程师（5-12K/月 自主产品开发）,上海火了信息科技有限公司,上海-普陀区,0.8-1万/月,"['2年经验', '本科', '招1人', '07-16发布']"
高级JAVA开发工程师,美格智能技术股份有限公司上海分公司,上海-徐汇区,1-1.5万/月,"['无工作经验', '大专', '招若干人', '07-16发布', '五险一金', '定期体检', '年终奖金', '员工旅游']"
Java Software Architect 231810,Ericsson (China) Communications...,广州,,"['无工作经验', '招若干人', '07-16发布']"
Java开发工程师,杭州思迈投资管理有限公司,杭州-拱墅区,0.8-1.6万/月,"['3-4年经验', '大专', '招1人', '07-16发布', '做五休二', '带薪年假', '全勤奖', '节日福利', '周末双休']"
Java高级开发岗,深圳前海用友力合金融服务有限公司,深圳-南山区,1.5-2万/月,"['5-7年经验', '本科', '招5人', '07-16发布', '五险一金', '专业培训', '绩效奖金', '年终奖金', '定期体检', '通讯补贴', '出国机会', '员工旅游']"
Java开发工程师,江苏中兴华易科技发展有限公司长沙...,长沙-雨花区,0.8-1万/月,"['3-4年经验', '本科', '招2人', '07-16发布', '五险一金', '餐饮补贴', '定期体检', '绩效奖金', '年终奖金', '员工旅游', '节日福利', '带薪年假']"
Java服务器开发工程师,深圳市威富视界有限公司,深圳-宝安区,1.2-3万/月,"['3-4年经验', '本科', '招1人', '07-16发布', '五险一金', '免费班车', '餐饮补贴', '绩效奖金', '员工宿舍', '年终奖金', '股票期权']"
Java开发工程师,极限元（北京）智能科技股份有限公...,北京-海淀区,1-2万/月,"['2年经验', '本科', '招1人', '07-16发布', '五险一金', '员工旅游', '餐饮补贴', '绩效奖金', '弹性工作', '定期体检', '下午茶水果', '年底双薪']"
java中级开发工程师,上海朝阳永续信息技术股份有限公司,上海-浦东新区,1-1.5万/月,"['无工作经验', '本科', '招2人', '07-16发布', '五险一金', '员工旅游', '交通补贴', '餐饮补贴', '年终奖金', '绩效奖金', '专业培训', '定期体检']"
Java开发工程师,南京阅明文化传播有限公司,南京-鼓楼区,1-1.5万/月,"['无工作经验', '本科', '招2人', '07-16发布', '周末双休', '带薪年假', '全勤奖', '绩效奖金']"
高级软件工程师(java),广东开普云信息科技股份有限公司,东莞,8-13万/年,"['3-4年经验', '本科', '招3人', '07-16发布', '五险一金', '餐饮补贴', '绩效奖金', '年终奖金']"
Java中级开发工程师,广州日昱物流有限公司,广州-白云区,0.8-1.2万/月,"['2年经验', '大专', '招1人', '07-16发布', '五险一金', '餐饮补贴', '专业培训', '绩效奖金', '年终奖金', '员工旅游', '补充医疗保险', '弹性工作']"
Java助教,湖南卓景京信息技术有限公司,长沙-岳麓区,6-8千/月,"['无工作经验', '大专', '招2人', '07-16发布', '五险一金', '员工旅游', '交通补贴', '餐饮补贴', '通讯补贴', '绩效奖金', '年终奖金', '带薪年假', '小暑假']"
中级Java开发工程师,山东贰伍壹柒信息科技有限公司,济南,0.5-1万/月,"['3-4年经验', '大专', '招2人', '07-16发布', '五险一金', '通讯补贴', '定期体检', '弹性工作', '绩效奖金', '加班补贴', '周末双休', '带薪年假', '员工旅游', '节日福利']"
高级Java程序员,南京世赢乾网络科技有限公司,南京,1-2万/月,"['无工作经验', '招1人', '07-16发布', '弹性工作', '节日福利', '绩效奖金', '交通补贴', '餐饮补贴']"
Java开发工程师,北京铁建互联科技有限公司,北京-石景山区,1-1.5万/月,"['无工作经验', '招10人', '07-16发布']"
java开发工程师,北京宇电科技集团有限公司,北京-朝阳区,1-1.5万/月,"['无工作经验', '招若干人', '07-16发布', '五险一金', '员工旅游', '定期体检', '餐饮补贴']"
Java开发老师（上市公司，五险一金）,广西柳州达内软件科技有限公司,柳州,5-8千/月,"['无工作经验', '大专', '招1人', '07-16发布', '五险一金', '专业培训', '绩效奖金', '绩效工资', '员工福利']"
Java高级程序员,威发（西安）软件有限公司,西安-高新技术...,0.6-1万/月,"['3-4年经验', '本科', '招3人', '07-16发布', '五险一金', '专业培训', '定期体检', '员工旅游', '补充医疗保险', '年终奖金', '部分餐补', '部分交通补', '部分商业保险', '文娱体育锻炼']"
Java工程师,陕西源天信息科技有限公司,西安-高新技术...,0.6-1万/月,"['3-4年经验', '本科', '招2人', '07-16发布', '五险一金', '员工旅游', '弹性工作', '交通补贴', '餐饮补贴', '通讯补贴', '补充公积金', '补充医疗保险']"
Java开发经理,广州市技安电子科技有限公司,广州,1.5-2.5万/月,"['5-7年经验', '大专', '招1人', '07-16发布', '周末双休', '五险一金', '带薪年假', '年底双薪', '员工旅游', '节日福利', '生日福利', '股票期权']"
Java开发工程师,湖北兵者智能科技有限公司,孝感,0.5-1万/月,"['3-4年经验', '本科', '招3人', '07-16发布', '五险一金', '年终奖金', '绩效奖金', '股票期权']"
淘宝技术部-JAVA研发工程师/技术专家,阿里巴巴集团,杭州,,"['3-4年经验', '本科', '招3人', '07-16发布']"
Java高级开发工程师,杭州德协电子科技有限公司,杭州-西湖区,0.5-1万/月,"['无工作经验', '招10人', '07-16发布', '做五休二', '周末双休', '带薪年假', '五险一金', '绩效奖金', '全勤奖', '节日福利', '专业培训', '交通补贴', '通讯补贴']"
资深Java开发工程师,杭州泉水金融信息服务有限公司,杭州-拱墅区,1.2-2.5万/月,"['3-4年经验', '本科', '招3人', '07-16发布', '专业培训', '绩效奖金', '年终奖金', '弹性工作', '定期体检', '五险', '员工旅游']"
Java开发工程师,上海哲凌科技有限公司,上海,0.8-1万/月,"['2年经验', '招若干人', '07-16发布', '五险一金', '绩效奖金', '年终奖金', '定期体检']"
Java开发工程师,湖北兵者智能科技有限公司,孝感,0.5-1万/月,"['3-4年经验', '本科', '招3人', '07-16发布', '五险一金', '年终奖金', '绩效奖金', '股票期权']"
淘宝技术部-JAVA研发工程师/技术专家,阿里巴巴集团,杭州,,"['3-4年经验', '本科', '招3人', '07-16发布']"
Java高级开发工程师,杭州德协电子科技有限公司,杭州-西湖区,0.5-1万/月,"['无工作经验', '招10人', '07-16发布', '做五休二', '周末双休', '带薪年假', '五险一金', '绩效奖金', '全勤奖', '节日福利', '专业培训', '交通补贴', '通讯补贴']"
资深Java开发工程师,杭州泉水金融信息服务有限公司,杭州-拱墅区,1.2-2.5万/月,"['3-4年经验', '本科', '招3人', '07-16发布', '专业培训', '绩效奖金', '年终奖金', '弹性工作', '定期体检', '五险', '员工旅游']"
Java开发工程师,上海哲凌科技有限公司,上海,0.8-1万/月,"['2年经验', '招若干人', '07-16发布', '五险一金', '绩效奖金', '年终奖金', '定期体检']"
Java Developer,北京远程睿智商务咨询有限公司,北京-朝阳区,1-1.5万/月,"['5-7年经验', '本科', '招1人', '07-16发布', '五险一金', '补充医疗保险', '弹性工作', '定期体检', '节日福利', '年底双薪']"
Java软件工程师,中科软科技股份有限公司,长春,0.8-1万/月,"['无工作经验', '本科', '招若干人', '07-16发布', '五险一金', '年终奖金', '餐饮补贴', '交通补贴', '定期体检']"
高级Java工程师（支付金融方向）,广州混沌网络科技有限公司,广州-天河区,1.5-2.5万/月,"['5-7年经验', '大专', '招1人', '07-16发布', '五险一金', '餐饮补贴', '专业培训', '出国机会', '员工旅游']"
Java开发工程师,山东爱信诺航天信息有限公司,济南-高新区,6-8千/月,"['2年经验', '本科', '招10人', '07-16发布', '五险一金', '绩效奖金', '周末双休', '带薪年假', '节日福利', '定期体检', '免费班车']"
Java后台高级工程师,陕西车佰度信息科技有限公司,西安-未央区,0.8-1万/月,"['3-4年经验', '大专', '招3人', '07-16发布', '员工旅游', '交通补贴', '通讯补贴', '专业培训', '绩效奖金', '弹性工作', '餐饮补贴']"
java后端工程师,好未来教育（原学而思教育),苏州-工业园区,4.5-6千/月,"['1年经验', '本科', '招1人', '07-16发布', '五险一金', '补充医疗保险', '员工旅游', '年终奖金', '定期体检']"
Java初级开发工程师,驴妈妈旅游网,上海-普陀区,1-1.5万/月,"['无工作经验', '招2人', '07-16发布', '员工旅游', '餐饮补贴', '通讯补贴', '专业培训', '年终奖金', '绩效奖金', '六险一金']"
Java开发工程师,中港通集团有限公司,深圳-南山区,1-1.5万/月,"['3-4年经验', '本科', '招1人', '07-16发布', '带薪年假', '五险一金', '免费班车', '全勤奖', '节日福利', '年终奖金']"
java架构师,深圳市成诺鼎业投资管理有限公司,深圳-龙华新区,2-3万/月,"['5-7年经验', '大专', '招1人', '07-16发布', '五险一金', '绩效奖金', '周末双休', '节日福利']"
Java中级开发工程师,成都信通信息技术有限公司,成都-高新区,0.8-1万/月,"['3-4年经验', '本科', '招4人', '07-16发布', '五险一金', '餐饮补贴', '通讯补贴', '补充医疗保险', '补充公积金', '绩效奖金', '年终奖金', '定期体检']"
Java高级软件开发工程师,成都心泽科技有限公司,成都-武侯区,0.8-1.2万/月,"['3-4年经验', '大专', '招5人', '07-16发布', '五险一金', '交通补贴', '餐饮补贴', '年终奖金']"
初级Java开发工程师（双休）,杭州斯荙克信息技术有限公司,杭州-上城区,4-6千/月,"['无工作经验', '高中', '招3人', '07-16发布', '五险一金', '定期体检', '年终奖金', '绩效奖金', '补充医疗保险']"
java开发工程师,北京深蓝海域信息科技有限公司,合肥-包河区,6-8千/月,"['2年经验', '本科', '招2人', '07-16发布', '五险一金', '专业培训', '员工旅游', '交通补贴', '年终奖金', '绩效奖金', '弹性工作']"
Java程序员,哈尔滨华泽数码科技有限公司,哈尔滨-南岗区,4-8千/月,"['1年经验', '大专', '招5人', '07-16发布', '五险一金', '全勤奖', '绩效奖金', '加班补贴']"
Java讲师,广州牵引力教育科技有限公司杭州西...,杭州-西湖区,15-20万/年,"['2年经验', '大专', '招2人', '07-16发布', '五险一金', '员工旅游', '专业培训', '出国机会', '绩效奖金', '年终奖金', '定期体检', '团队绩效', '年底双薪', '晋升空间']"
Java高级开发工程师,河南金明源信息技术有限公司,郑州,1-1.5万/月,"['无工作经验', '招4人', '07-16发布', '五险一金', '员工旅游', '专业培训', '年终奖金', '定期体检', '节日福利']"
java程序员,广东兴发铝业有限公司,佛山,0.4-1.2万/月,"['无工作经验', '大专', '招3人', '07-16发布', '免费班车', '员工旅游', '年终奖金', '专业培训', '定期体检', '工作餐']"
Java开发工程师,上海誉渡信息技术有限公司,杭州-滨江区,1.5-2万/月,"['3-4年经验', '本科', '招1人', '07-16发布', '员工旅游', '餐饮补贴', '通讯补贴', '专业培训', '绩效奖金', '股票期权']"
Java资深开发工程师,上海济含实业有限公司,上海-浦东新区,2.5-4万/月,"['5-7年经验', '硕士', '招若干人', '07-16发布', '五险一金', '弹性工作', '绩效奖金', '定期体检', '年终奖金', '员工旅游', '交通补贴', '通讯补贴']"
云计算Java开发工程师,上海光华冠群软件有限公司,成都,0.6-1.2万/月,"['无工作经验', '招若干人', '07-16发布', '五险一金', '弹性工作', '补充医疗保险', '定期体检', '员工旅游']"
Java高级软件工程师（Team Leader）,雷技信息科技（上海）有限公司,上海-浦东新区,2-2.5万/月,"['8-9年经验', '本科', '招1人', '07-16发布']"
Java开发工程师,北京亿和博嘉教育科技有限公司,北京-朝阳区,1-1.5万/月,"['1年经验', '大专', '招2人', '07-16发布', '五险一金', '年终奖金', '全勤奖', '节日福利', '弹性工作']"
java开发实习生,成都羽帆科技有限公司,成都-青羊区,3-4.5千/月,"['无工作经验', '大专', '招5人', '07-16发布', '五险一金', '员工旅游', '绩效奖金', '年终奖金', '专业培训', '弹性工作', '周末双休']"
Java开发程序员,长沙市赛百网络科技有限公司,长沙-岳麓区,4-6千/月,"['无工作经验', '大专', '招2人', '07-16发布', '交通补贴', '餐饮补贴', '弹性工作']"
Java开发工程师,深圳布莱克信息科技有限公司,深圳-宝安区,1.2-1.5万/月,"['3-4年经验', '大专', '招若干人', '07-16发布', '五险一金', '员工旅游', '专业培训', '绩效奖金', '年终奖金']"
JAVA系统开发工程师,济南纳维信息技术有限公司,济南,0.5-1万/月,"['1年经验', '本科', '招4人', '07-16发布', '五险一金', '定期体检', '绩效奖金', '年终奖金', '交通补贴']"
Java开发工程师,广州海颐软件有限公司,广州,5-8千/月,"['1年经验', '本科', '招若干人', '07-16发布', '五险一金', '员工旅游', '餐饮补贴', '专业培训', '绩效奖金', '年终奖金', '定期体检', '生日贺礼', '电脑补贴', '考证奖励']"
Java开发工程师,上海图丽信息技术有限公司,上海-浦东新区,6-8千/月,"['1年经验', '本科', '招2人', '07-16发布', '五险一金', '免费班车', '交通补贴', '餐饮补贴', '通讯补贴', '年终奖金', '定期体检']"
Java软件工程师（金融）,江苏睿希信息科技有限公司,南京,4-9千/月,"['无工作经验', '招10人', '07-16发布']"
Java开发工程师,大连开鱼科技有限公司,大连-高新园区,3-4.5千/月,"['无工作经验', '招3人', '07-16发布']"
java高级软件开发工程师,广州创想云科技有限公司,广州,1-1.8万/月,"['3-4年经验', '本科', '招1人', '07-16发布', '五险一金', '补充医疗保险', '交通补贴', '员工旅游', '专业培训', '定期体检']"
Java软件工程师,武汉智菱物联科技有限公司,武汉-武昌区,0.8-1万/月,"['3-4年经验', '大专', '招10人', '07-16发布', '五险一金', '员工旅游', '餐饮补贴', '周末双休', '股票期权', '节日福利', '弹性工作', '生日福利', '春节假期14天']"
移动端开发实习生（java/android）+高薪双休,大连星宇科技有限公司,大连,3-4.5千/月,"['无工作经验', '招3人', '07-16发布']"
Java工程师,上海达牛信息技术有限公司,上海-虹口区,0.8-1.5万/月,"['5-7年经验', '本科', '招若干人', '07-16发布']"
Java开发组长,浙江图讯科技股份有限公司,杭州,1.2-2万/月,"['5-7年经验', '招2人', '07-16发布']"
Java实习生/双休,深圳市威立聚网络科技有限公司,深圳-南山区,2.8-4.5千/月,"['无工作经验', '中专', '招4人', '07-16发布', '五险一金', '包住宿', '周末双休', '高温补贴', '全勤奖', '绩效奖金', '节日福利']"
JAVA开发工程师,北京人和创建信息技术有限公司,北京-大兴区,1-1.5万/月,"['3-4年经验', '本科', '招4人', '07-16发布', '五险一金', '定期体检', '供住', '餐补', '年中分红', '节日福利']"
java开发工程师（台州）,浙江网新恩普软件有限公司,台州,0.6-1万/月,"['无工作经验', '招1人', '07-16发布', '五险一金', '餐饮补贴', '免费班车', '员工旅游', '通讯补贴', '交通补贴', '年终奖金', '定期体检']"
java高级研发工程师,北京恒泰实达科技股份有限公司,南京,0.6-1万/月,"['2年经验', '本科', '招2人', '07-16发布']"
软件开发实习生（java/.net，月薪4000起）,苏州华米信息技术有限公司,苏州,4-5千/月,"['无工作经验', '大专', '招6人', '07-16发布', '五险一金', '带薪年假', '年终奖金', '绩效奖金', '员工旅游', '定期体检', '节日福利', '餐饮补贴']"
Java高级开发工程师,深圳艾米科技有限公司,深圳-南山区,1-2万/月,"['5-7年经验', '本科', '招1人', '07-16发布', '五险一金', '周末双休', '员工旅游', '绩效奖金', '弹性工作']"
Java开发工程师,西安科怡信息技术有限公司,西安-高新技术...,4.5-6千/月,"['无工作经验', '招2人', '07-16发布', '餐饮补贴', '交通补贴', '加班补贴']"
Java高级开发工程师,苏州紫方数据科技有限公司,苏州-工业园区,1.5-2万/月,"['5-7年经验', '本科', '招1人', '07-16发布', '五险一金', '员工旅游', '年终奖金']"
java开发工程师,济南驰昊电力科技有限公司,济南,6-8千/月,"['1年经验', '本科', '招5人', '07-16发布', '五险一金', '员工旅游', '专业培训', '通讯补贴', '餐饮补贴', '交通补贴', '绩效奖金', '定期体检']"
高级JAVA开发工程师,上海承大网络科技服务有限公司,武汉-东西湖区,1-1.5万/月,"['5-7年经验', '本科', '招2人', '07-16发布']"
Java高级开发工程师,武汉颂大教育科技股份有限公司,武汉-江夏区,1-1.5万/月,"['5-7年经验', '招3人', '07-16发布', '五险一金', '免费班车', '员工旅游', '股票期权', '绩效奖金', '配手机送话费']"
Java软件开发工程师,南京瑞奕惟扬信息科技有限公司,南京-秦淮区,0.5-1.1万/月,"['2年经验', '本科', '招6人', '07-16发布', '五险一金', '弹性工作', '员工旅游', '补充医疗保险', '通讯补贴', '专业培训', '出国机会', '年终奖金', '定期体检', '餐饮补贴']"
Java架构师,成都天和软件技术有限公司,成都,20-30万/年,"['5-7年经验', '本科', '招1人', '07-16发布']"
Java高级开发工程师,北京新网医讯技术有限公司,北京-西城区,1-1.5万/月,"['3-4年经验', '本科', '招2人', '07-16发布', '五险一金', '员工旅游', '交通补贴', '餐饮补贴', '通讯补贴', '专业培训', '绩效奖金', '年终奖金', '弹性工作', '定期体检']"
JAVA中级工程师,江苏车里车外信息技术有限公司,南京,1-1.5万/月,"['3-4年经验', '本科', '招4人', '07-16发布', '五险一金', '员工旅游', '股票期权', '年终奖金', '绩效奖金', '专业培训', '定期体检']"
JAVA技术经理,学府（国际）咨询机构,广州,1.5-2万/月,"['8-9年经验', '本科', '招1人', '07-16发布', '五险一金', '补充公积金', '员工旅游', '绩效奖金', '年终奖金', '股票期权', '定期体检', '弹性工作']"
JAVA高级软件工程师,成都亿橙科技有限公司,成都-武侯区,1-1.5万/月,"['5-7年经验', '本科', '招2人', '07-16发布', '绩效奖金', '年终奖金', '股票期权', '专业培训']"
Java TL,普华永道信息技术（上海）有限公司,上海-浦东新区,,"['无工作经验', '招若干人', '07-16发布']"
高级软件工程师(JAVA),兆恒电脑科技（上海）有限公司广州...,上海-徐汇区,0.8-1万/月,"['2年经验', '本科', '招若干人', '07-16发布']"
Java高级开发工程师,上海联蔚信息科技有限公司,上海-黄浦区,2-2.5万/月,"['无工作经验', '招1人', '07-16发布', '五险一金', '免费班车', '专业培训', '餐饮补贴', '绩效奖金', '年终奖金']"
Java开发工程师,北京先进数通信息技术股份公司,昆明,4-8千/月,"['1年经验', '本科', '招3人', '07-16发布', '五险一金', '定期体检', '年终奖金', '餐饮补贴']"
Java开发工程师,深圳乐易住智能科技股份有限公司,深圳-福田区,1-2万/月,"['3-4年经验', '本科', '招2人', '07-16发布', '五险一金', '员工旅游', '股票期权', '年终奖金', '绩效奖金', '出国机会', '专业培训', '定期体检', '弹性工作']"
JAVA开发（中间件）,七彩阳光（北京）旅行社有限公司,北京-海淀区,1.5-3万/月,"['3-4年经验', '大专', '招3人', '07-16发布']"
java软件开发工程师,济南华科仁杰科技有限公司,济南,4.5-6千/月,"['1年经验', '大专', '招10人', '07-16发布', '五险一金', '绩效奖金', '定期体检', '通讯补贴', '专业培训', '年终奖金', '交通补贴', '员工旅游']"
Java高级开发工程师(云平台),南京新联软件有限责任公司,南京-江宁区,1-2.5万/月,"['5-7年经验', '大专', '招8人', '07-16发布', '五险一金', '年终奖金']"
Java研发软件工程师,北京富讯盈科网络技术有限公司,北京-西城区,1-1.5万/月,"['3-4年经验', '大专', '招1人', '07-16发布', '五险一金', '交通补贴', '带薪年假', '全勤奖', '定期体检', '电脑补助', '免费午餐']"
Java架构师,杭州万盈网络科技有限公司,杭州-上城区,1.5-2.5万/月,"['5-7年经验', '大专', '招1人', '07-16发布', '五险一金', '餐饮补贴', '年终奖金', '定期体检', '弹性工作']"
Java高级软件开发工程师,上海紫越网络科技股份有限公司,上海-静安区,1-1.5万/月,"['5-7年经验', '本科', '招1人', '07-16发布']"
Java高级开发工程师（金融行业）,上海金指软件技术有限公司,上海-浦东新区,1.5-2.2万/月,"['5-7年经验', '本科', '招5人', '07-16发布', '五险一金', '餐饮补贴', '定期体检', '专业培训', '免费班车', '员工旅游', '交通补贴', '年终奖金', '股票期权', '绩效奖金']"
Java开发工程师,北京赛融信科技股份有限公司,北京-东城区,0.8-1万/月,"['1年经验', '本科', '招3人', '07-16发布', '五险一金', '餐饮补贴', '年终奖金', '定期体检']"
Java开发工程师,南京恩博科技有限公司,南京-秦淮区,6-8千/月,"['1年经验', '本科', '招3人', '07-16发布', '五险一金', '餐饮补贴', '专业培训', '年终奖金', '绩效奖金', '弹性工作']"
Java开发工程师（东莞南城）,东莞六沐资产管理有限公司,东莞,0.6-1万/月,"['2年经验', '大专', '招1人', '07-16发布', '周末双休', '包中餐', '节日福利', '专业培训', '绩效奖金', '晋升空间']"
Java开发工程师,上海银生宝电子支付服务有限公司,上海-浦东新区,2-2.5万/月,"['3-4年经验', '本科', '招若干人', '07-16发布']"
中高级Java开发工程师（出差）-北京-00707,中信网络科技股份有限公司,北京-朝阳区,0.9-1.4万/月,"['3-4年经验', '大专', '招1人', '07-16发布', '五险一金', '补充医疗保险', '员工旅游', '餐饮补贴', '专业培训', '绩效奖金', '年终奖金', '弹性工作', '定期体检']"
Java开发工程师,苏州同思软件有限公司,异地招聘,1-1.5万/月,"['3-4年经验', '大专', '招5人', '07-16发布']"
JAVA高级开发工程师,上海富友金融服务集团股份有限公司,武汉,1.5-2万/月,"['3-4年经验', '大专', '招若干人', '07-16发布', '五险一金', '员工旅游', '餐饮补贴', '绩效奖金', '年终奖金', '定期体检']"
Java开发工程师(成都研发部)—消费者BG,科大讯飞股份有限公司,成都,1-2万/月,"['3-4年经验', '本科', '招5人', '07-16发布', '五险一金', '交通补贴', '餐饮补贴', '通讯补贴', '定期体检', '免费班车']"
Java开发工程师,江西迈思科技有限公司,南昌,4-8千/月,"['无工作经验', '招2人', '07-16发布', '五险一金', '员工旅游', '专业培训', '通讯补贴', '餐饮补贴', '定期体检', '年终奖金', '绩效奖金']"
Java工程师实训生,青岛青软科技有限公司,异地招聘,3-4.5千/月,"['无工作经验', '大专', '招5人', '07-16发布', '做五休二', '弹性工作', '带薪年假', '五险一金', '绩效奖金', '节日福利', '专业培训', '餐饮补贴', '加班补贴', '通讯补贴']"
高级Java工程师,中电九天智能科技有限公司,成都-双流区,1.4-2.2万/月,"['8-9年经验', '招3人', '07-16发布', '五险一金', '补充医疗保险', '交通补贴', '餐饮补贴', '通讯补贴', '弹性工作', '定期体检']"
Java开发工程师,上海韵达货运有限公司,上海-青浦区,0.8-1万/月,"['3-4年经验', '大专', '招4人', '07-16发布', '绩效奖金', '专业培训', '社保', '免费班车', '员工旅游', '五险一金', '年终奖金']"
Java开发工程师,北京高阳金信信息技术有限公司,上海-徐汇区,1.2-1.7万/月,"['3-4年经验', '本科', '招若干人', '07-16发布']"
Java开发工程师（大数据方向）,劲牌有限公司,异地招聘,6-8千/月,"['2年经验', '本科', '招2人', '07-16发布', '五险一金', '员工旅游', '免费班车', '专业培训', '出国机会', '年终奖金', '弹性工作', '定期体检', '通讯补贴', '餐饮补贴']"
Java工程师,乐投财富（北京）投资管理有限公司...,武汉-江夏区,1-1.8万/月,"['无工作经验', '招8人', '07-16发布', '五险一金', '绩效奖金', '年终奖金', '周末双休', '带薪年假']"
java开发工程师,深圳市菲普莱体育发展有限公司,深圳-宝安区,0.8-1万/月,"['2年经验', '本科', '招1人', '07-16发布', '五险一金', '补充医疗保险', '员工旅游', '餐饮补贴', '绩效奖金', '年终奖金', '定期体检']"
中级Java开发工程师,武汉博睿英特科技有限公司,武汉,0.6-1.2万/月,"['2年经验', '大专', '招4人', '07-16发布', '五险一金', '员工旅游', '专业培训', '绩效奖金', '年终奖金', '定期体检']"
Java高级开发工程师,上海芃羽信息科技有限公司,上海-浦东新区,1.5-3万/月,"['无工作经验', '招若干人', '07-16发布', '五险一金', '免费班车', '专业培训', '绩效奖金', '股票期权']"
Java开发工程师,苏州百智通信息技术有限公司,苏州-工业园区,4-8千/月,"['无工作经验', '大专', '招3人', '07-16发布']"
Java后台开发工程师,武汉光庭信息技术股份有限公司,武汉,0.6-1.2万/月,"['2年经验', '本科', '招1人', '07-16发布', '五险一金', '弹性工作', '定期体检', '补充医疗保险', '免费班车']"
Java开发工程师,浙江给力信息技术有限公司,杭州-余杭区,0.8-1万/月,"['1年经验', '本科', '招2人', '07-16发布', '五险一金', '员工旅游', '餐饮补贴', '专业培训', '年终奖金']"
高级Java软件工程师,上海络安信息技术有限公司,上海-浦东新区,2-2.5万/月,"['5-7年经验', '本科', '招若干人', '07-16发布', '五险一金', '员工旅游', '专业培训', '年终奖金', '定期体检']"
JAVA软件软件工程师,陕西万德加投资管理有限公司,西安,1-1.5万/月,"['5-7年经验', '大专', '招2人', '07-16发布', '交通补贴', '绩效奖金', '年终奖金', '股票期权', '定期体检', '生日福利', '节日福利', '五险一金', '周末双休']"
Java工程师（MES产品）,苏州华冠科技有限公司,异地招聘,1-1.5万/月,"['2年经验', '招2人', '07-16发布']"
Java开发工程师,南京能瑞电力科技有限公司,南京,17-20万/年,"['无工作经验', '本科', '招2人', '07-16发布', '五险一金', '免费班车', '年终奖金', '专业培训', '绩效奖金', '项目奖金', '免费提供食宿', '员工旅游', '定期体检']"
Java开发工程师,上海北溟数据科技有限公司,上海-浦东新区,0.8-1.5万/月,"['3-4年经验', '大专', '招1人', '07-16发布', '五险一金', '餐饮补贴', '专业培训', '绩效奖金', '带薪年假', '节日福利', '年终奖金', '周末双休', '年终分红', '晋升机会']"
JAVA开发工程师,四川三德信息技术有限责任公司,成都-武侯区,0.6-1.5万/月,"['无工作经验', '本科', '招若干人', '07-16发布', '五险一金', '交通补贴', '通讯补贴', '绩效奖金', '专业培训', '年终奖金']"
JAVA软件工程师,广东佳米科技有限公司,珠海-珠海高新区,0.6-1万/月,"['1年经验', '本科', '招1人', '07-16发布', '五险一金', '员工旅游', '年终奖金', '股票期权', '定期体检', '带薪年假']"
JAVA开发,安徽省恒仁信息科技有限公司,合肥-政务区,0.7-1万/月,"['2年经验', '本科', '招3人', '07-16发布', '五险一金', '交通补贴', '餐饮补贴', '绩效奖金', '周末双休', '年终奖金', '员工旅游', '专业培训', '包吃']"
Java工程师,北京鲸鹳科技有限公司,北京-东城区,0.8-1万/月,"['3-4年经验', '本科', '招1人', '07-16发布']"
Java高级开发工程师,北京麦迪克斯科技有限公司,北京,1.5-2.5万/月,"['3-4年经验', '本科', '招8人', '07-16发布', '五险一金', '免费班车', '交通补贴', '餐饮补贴', '通讯补贴', '年终奖金', '弹性工作']"
